id,name,rank,spell_level,spell_family
10,Blizzard,1,20,3
17,Power Word: Shield,1,6,6
53,Backstab,1,4,8
67,Vindication,1,0,0
72,Shield Bash,1,12,4
76,zzOLDRiposte,1,99,0
78,Heroic Strike,1,1,4
89,Cripple,1,60,0
94,zzOLDWisdom Aura,2,99,0
99,Demoralizing Roar,1,10,7
100,Charge,1,4,4
101,Trip,1,12,0
113,Chains of Ice,1,10,0
114,zzOLDFrost Shield,1,99,0
116,Frostbolt,1,4,3
118,Polymorph,1,8,3
120,Cone of Cold,1,26,3
122,Frost Nova,1,10,3
133,Fireball,1,1,3
136,Mend Pet,1,12,9
139,Renew,1,8,6
143,Fireball,2,6,3
145,Fireball,3,12,3
168,Frost Armor,1,1,3
172,Corruption,1,4,5
179,zzOLDResist Fire,1,99,0
205,Frostbolt,2,8,3
228,Polymorph: Chicken,2,30,0
246,Slow,1,28,0
284,Heroic Strike,2,8,4
285,Heroic Strike,3,16,4
308,zzOLDSpirit Armor,1,99,0
315,zzOLDMolten Blast,1,99,0
324,Lightning Shield,1,8,11
325,Lightning Shield,2,16,11
331,Healing Wave,1,1,11
332,Healing Wave,2,6,11
339,Entangling Roots,1,8,7
348,Immolate,1,1,5
365,zzOLDUndying Strength,1,99,0
370,Purge,1,12,11
403,Lightning Bolt,1,1,11
408,Kidney Shot,1,30,8
421,Chain Lightning,1,32,11
451,zzOLDShadow Word: Silence,1,99,0
453,Mind Soothe,1,20,6
465,Devotion Aura,1,1,10
467,Thorns,1,6,7
476,Frost Shield,1,0,0
477,Polymorph: Pig,1,0,0
478,Frostbolt,1,0,0
480,zzOLDLearn Fumble,1,0,0
481,Water Elemental,2,0,0
483,Fireball,2,0,0
484,Frost Armor,2,0,0
485,Chains of Ice,1,0,0
486,Remove Curse,1,0,0
487,Slow,1,0,0
488,Water Breathing,1,0,0
489,zzOLDLearn Haste,1,0,0
490,Frost Shield,2,0,0
491,Khadgar's Unlocking,1,18,3
492,zzOLDMana Totem,1,0,0
493,Khadgar's Unlocking,1,0,0
494,Frostbolt,2,0,0
495,Polymorph: Sheep,3,0,0
496,Drain Mana,1,0,0
497,Frost Nova,1,0,0
498,Divine Protection,1,6,0
501,zzOLDAgitating Totem,2,0,0
502,Fireball,3,0,0
504,Seal of Protection,2,0,0
506,Ice Armor,1,0,0
508,zzOLDLearn Fumble,2,0,0
512,Chains of Ice,2,30,0
515,Lesser Invisibility,1,0,0
517,Blink,1,0,0
519,Ghost Wolf,2,0,0
520,Chains of Ice,2,0,0
521,Moonfire,7,0,0
527,Dispel Magic,1,18,6
529,Lightning Bolt,2,8,11
531,Lightning Bolt,2,0,0
532,Lightning Shield,1,0,0
533,Unyielding Will,1,0,0
534,Molten Blast,1,0,0
535,Shadow Ward,1,0,0
536,Cure Poison,1,0,0
537,Undying Strength,1,0,0
538,Healing Wave,2,0,0
539,Moonfire,2,0,0
540,Nullify Disease,1,0,0
541,Fire Resistance,1,0,0
542,zzOLDLearn Nature Resistance,1,0,0
543,Fire Ward,1,20,3
544,zzOLDSpirit Armor,2,99,0
545,zzOLDMolten Blast,2,99,0
547,Healing Wave,3,12,11
548,Lightning Bolt,3,14,11
549,zzOLDUndying Strength,2,99,0
550,Nullify Poison,1,26,0
554,zzOLDUnyielding Will,2,99,0
557,Lightning Shield,2,0,0
558,Purge,1,0,0
559,Exorcism,3,0,0
560,Spirit Armor,2,0,0
561,Molten Blast,2,0,0
562,Water Walking,1,0,0
563,Moonfire,6,0,0
564,zzOLDLearn Replenish Spirit,1,0,0
565,Healing Wave,3,0,0
566,Lightning Bolt,3,0,0
567,Undying Strength,2,0,0
569,Nullify Poison,2,0,0
570,Far Sight,1,0,0
571,Nullify Disease,2,0,0
573,Moonfire,3,0,0
574,Redemption,1,0,0
575,Unyielding Will,2,0,0
576,zzOLDLearn Feral Spirit,1,0,0
577,Astral Recall,1,0,0
585,Smite,1,1,6
586,Fade,1,8,6
587,Conjure Food,1,6,3
588,Inner Fire,1,12,6
589,Shadow Word: Pain,1,4,6
590,zzOLDHoly Word: Might,1,99,0
591,Smite,2,6,6
592,Power Word: Shield,2,12,6
593,zzOLDShadow Word: Fumble,1,99,0
594,Shadow Word: Pain,2,10,6
596,Prayer of Healing,1,30,6
597,Conjure Food,2,12,3
598,Smite,3,14,6
599,zzOLDHoly Word: Might,2,99,0
600,Power Word: Shield,3,18,6
601,Sword Mastery,1,0,0
602,Inner Fire,3,30,6
604,Dampen Magic,1,12,3
605,Mind Control,1,30,6
606,Mind Rot,1,99,0
608,Conjure Food,1,0,0
609,Inner Fire,1,0,0
610,Shadow Word: Pain,1,0,0
611,Seal of Sacrifice,1,0,0
612,Holy Smite,2,0,0
613,Lesser Heal,2,0,0
614,Shadow Word: Fumble,1,0,0
615,Dispel Magic,1,0,0
616,Shadow Word: Pain,2,0,0
617,zzOLDLearn Prayer of Protection,1,0,0
618,Prayer of Healing,1,0,0
619,Conjure Food,2,0,0
620,Holy Smite,3,0,0
621,zzOLDHealing Totem,1,0,0
622,Lesser Heal,3,0,0
624,Inner Fire,3,0,0
625,Curse of Archimonde,1,0,0
626,Seal of Might,3,0,0
627,Mind Control,1,0,0
628,Mind Rot,1,0,0
629,zzOLDHoly Word: Protect,2,99,0
630,zzOLDHoly Word: Protect,1,99,0
631,zzOLDHealing Totem,3,0,0
632,zzOLDHealing Totem,4,0,0
633,Lay on Hands,1,10,10
635,Holy Light,1,1,10
636,zzOLDDominance Aura,1,99,0
639,Holy Light,2,6,10
642,Divine Shield,1,34,0
643,Devotion Aura,3,20,10
645,zzOLDDominance Aura,2,99,0
647,Holy Light,3,14,10
648,zzOLDBlessing of Reckoning,1,99,0
649,zzOLDHealing Aura,1,99,0
650,Blood Boil,1,0,0
651,Holy Word: Shield,5,0,0
652,Sap,1,0,0
653,Seal of Might,1,0,0
654,Fear,2,0,0
655,Blood Boil,2,0,0
656,Holy Light,2,0,0
657,Create Greater Healthstone,4,0,0
658,zzOLDInvisibility Totem,1,0,0
659,Divine Shield,1,0,0
660,zzOLDBlessing of Righteousness,1,0,0
661,Blood Boil,3,0,0
662,Seal of Might,2,0,0
663,Fear,3,0,0
664,Holy Light,3,0,0
678,zzOLDHoly Strike,2,99,0
679,zzOLDHoly Strike,1,99,0
680,zzOLDHoly Strike,4,99,0
685,Holy Wrath,1,0,0
686,Shadow Bolt,1,1,5
687,Demon Skin,1,1,0
689,Drain Life,1,14,5
694,Mocking Blow,1,16,4
695,Shadow Bolt,2,6,5
696,Demon Skin,2,10,0
699,Drain Life,2,22,5
700,Sleep,1,8,3
702,Curse of Weakness,1,4,5
703,Garrote,1,14,8
704,Curse of Recklessness,1,14,5
705,Shadow Bolt,3,12,5
706,Demon Armor,1,20,0
707,Immolate,2,10,5
709,Drain Life,3,30,5
710,Banish,1,28,5
713,Turn Undead,2,0,0
714,Drain Life,1,0,0
715,zzOLDLearn Firebolt,1,0,0
718,zzOLDImmolate,1,0,0
719,Create Soulstone,1,0,0
721,Shadow Bolt,2,0,0
722,Demon Skin,2,0,0
723,zzOLDLearn Lesser Voidwalker,1,0,0
724,Lightwell,1,40,6
725,Drain Life,2,0,0
726,Sleep,1,0,0
727,Cripple,1,0,0
728,zzOLDLearn Firebolt,2,0,0
729,Curse of Weakness,1,0,0
730,Health Funnel,1,0,0
732,Shadow Bolt,3,0,0
733,Demon Armor,1,0,0
734,Immolate,2,0,0
735,Divine Protection,2,0,0
736,Drain Life,3,0,0
737,zzOLDLearn Unholy Frenzy,2,0,0
738,zzOLDLearn Hellfire,1,0,0
740,Tranquility,1,30,7
746,First Aid,1,0,0
755,Health Funnel,1,12,5
758,Firestone Passive,1,28,0
763,zzOLDLearn Spirit Burn,1,0,0
764,zzOLDLearn Spirit Burn,2,0,0
765,zzOLDWater Elemental,1,30,0
766,Water Elemental,1,0,0
769,Swipe,3,34,7
770,Faerie Fire,1,18,7
772,Rend,1,4,4
774,Rejuvenation,1,4,7
776,Abolish Magic,1,99,0
778,Faerie Fire,2,30,7
779,Swipe,1,16,7
780,Swipe,2,24,7
781,Disengage,1,20,9
782,Thorns,2,14,7
784,Faerie Fire,1,0,0
786,Thorns,1,0,0
787,zzOLDLearn Slow Poison,1,0,0
788,Rejuvenation,1,0,0
789,Divine Escape,1,0,0
790,Entangling Roots,1,0,0
791,Abolish Magic,1,0,0
792,Tranquility,1,0,0
793,Faerie Fire,2,0,0
795,Thorns,2,0,0
796,Mend Pet,2,0,0
797,Cleave,1,0,0
819,Toughness,1,5,0
820,Regeneration,1,5,0
821,Meditation,1,5,0
837,Frostbolt,3,14,3
838,Frostbolt,3,0,0
840,zzOLDLearn Haste,2,0,0
841,zzOLDResist Fire,2,99,0
842,Ethereal Form,2,0,0
844,Ice Armor,2,0,0
845,Cleave,1,20,4
846,Flamestrike,1,0,0
848,Nature Resistance,1,0,0
850,Savage Pummel,1,0,0
851,Polymorph: Sheep,3,40,0
852,Polymorph: Chicken,2,0,0
853,Hammer of Justice,1,8,10
854,Fireball,4,0,0
856,zzOLDLearn Feeblemind,3,0,0
857,Khadgar's Unlocking,2,30,3
858,Khadgar's Unlocking,2,0,0
860,Renew,6,0,0
861,zzOLDShadow Word: Silence,2,99,0
862,Drain Mana,2,0,0
864,Seal of Righteousness,1,0,0
865,Frost Nova,2,26,3
866,Frost Nova,2,0,0
868,zzOLDLearn Fumble,3,0,0
870,Renew,4,0,0
872,Flamestrike,2,0,0
874,Fire Ward,1,0,0
876,zzOLDAgitating Totem,3,0,0
878,zzOLDLearn Elemental Fury,1,0,0
879,Exorcism,1,20,0
880,Moonfire,5,0,0
882,Holy Smite,6,0,0
886,Invisibility,2,0,0
890,Renew,5,0,0
892,zzOLDSentry Totem,1,0,0
894,Blink,2,0,0
896,zzOLDLearn Fire Elemental,1,0,0
899,zzOLDMolten Blast,3,99,0
900,Molten Blast,3,0,0
901,zzOLDSpirit Armor,3,99,0
902,Spirit Armor,3,0,0
903,zzOLDResist Nature,2,99,0
904,zzOLDLearn Nature Resistance,2,0,0
905,Lightning Shield,3,24,11
906,Lightning Shield,3,0,0
908,Thunderbolt,1,0,0
909,zzOLDUnyielding Will,3,99,0
910,Unyielding Will,3,0,0
912,zzOLDLearn Spirit Burn,3,0,0
913,Healing Wave,4,18,11
914,Healing Wave,4,0,0
915,Lightning Bolt,4,20,11
916,zzOLDLightning Bolt,4,0,0
917,zzOLDUndying Strength,3,99,0
918,Create Spellstone,1,0,0
920,Chain Lightning,1,0,0
922,Sense Undead,1,0,0
923,zzOLDMolten Blast,4,99,0
924,Molten Blast,4,0,0
926,Thunderclap,2,0,0
928,Eye of Kilrogg,1,0,0
930,Chain Lightning,2,40,11
931,Exorcism,2,0,0
933,zzOLDLearn Replenish Spirit,2,0,0
934,zzOLDSpirit Armor,4,99,0
935,Spirit Armor,4,0,0
936,Holy Ward,1,0,0
938,zzOLDLearn Spirit Burn,4,0,0
939,Healing Wave,5,24,11
940,Greater Healing Wave,1,0,0
943,Lightning Bolt,5,26,11
944,Lightning Bolt,5,0,0
945,Lightning Shield,4,32,11
946,Lightning Shield,4,0,0
947,zzOLDUnyielding Will,4,99,0
948,zzOLDLearn Unyielding Will,4,0,0
949,zzOLDThunder Clap,2,99,0
950,Mind Bomb,1,0,0
951,zzOLDMolten Blast,5,99,0
952,Molten Blast,5,0,0
955,zzOLDUndying Strength,4,99,0
956,Curse of Tongues,1,0,0
958,zzOLDLearn Spirit Burn,5,0,0
959,Healing Wave,6,32,11
960,Greater Healing Wave,2,0,0
962,Moonfire,4,0,0
964,Heal,3,0,0
966,zzOLDGroup Astral Recall,1,99,0
967,Group Astral Recall,1,0,0
969,zzOLDLearn Feral Spirit,2,0,0
970,Shadow Word: Pain,3,18,6
971,Shadow Word: Pain,3,0,0
972,zzOLDHoly Protection,1,99,0
973,Holy Protection,1,0,0
974,zzDONOTREUSE,1,99,0
975,zzOLDSerpent Totem,3,0,0
976,Shadow Protection,1,30,6
977,Shadow Protection,1,0,0
979,Corruption,3,0,0
980,Curse of Agony,1,8,5
981,Curse of Agony,1,0,0
983,Heal,4,0,0
984,Smite,4,22,6
985,Holy Smite,4,0,0
986,zzOLDHoly Word: Protect,3,99,0
987,zzOLDHealing Totem,5,0,0
988,Dispel Magic,2,36,6
989,Dispel Magic,2,0,0
990,Conjure Food,3,22,3
991,Conjure Food,3,0,0
992,Shadow Word: Pain,4,26,6
993,Shadow Word: Pain,4,0,0
995,zzOLDLearn Prayer of Protection,2,0,0
996,Prayer of Healing,2,40,6
997,Prayer of Healing,2,0,0
998,zzOLDShadow Word: Fumble,2,99,0
999,Shadow Word: Fumble,2,0,0
1000,zzOLDHoly Word: Might,3,99,0
1001,zzOLDHealing Totem,2,0,0
1003,Shadow Word: Befuddle,2,0,0
1004,Smite,5,30,6
1005,Holy Smite,5,0,0
1006,Inner Fire,4,40,6
1007,Inner Fire,4,0,0
1008,Amplify Magic,1,18,3
1009,Savage Pummel,1,10,0
1010,Curse of Idiocy,1,38,5
1011,Turn Undead,1,0,0
1012,Sword Mastery,1,0,0
1013,Heroic Strength,1,0,0
1014,Curse of Agony,2,18,5
1015,Curse of Agony,2,0,0
1017,Sense Demons,1,0,0
1020,Divine Shield,2,50,0
1021,Divine Shield,2,0,0
1022,Blessing of Protection,1,10,10
1023,Seal of Protection,1,0,0
1025,Corruption,2,0,0
1026,Holy Light,4,22,10
1027,Holy Light,4,0,0
1029,Curse of Agony,3,0,0
1031,Curse of Weakness,3,0,0
1032,Devotion Aura,5,40,10
1033,Fire Shot,1,0,0
1034,zzOLDBlessing of Reckoning,2,99,0
1035,Fire Ward,1,0,0
1037,Seal of Fury,1,0,0
1039,Seal of Salvation,1,0,0
1042,Holy Light,5,30,10
1043,Holy Light,5,0,0
1045,Fear,1,0,0
1049,Create Healthstone,3,0,0
1051,zzOLDLearn Sacrifice,1,0,0
1052,zzOLDBlessing of Righteousness,1,99,0
1053,Counterspell,1,0,0
1057,zzOLDLearn Slow Poison,2,0,0
1058,Rejuvenation,2,10,7
1059,Rejuvenation,2,0,0
1062,Entangling Roots,2,18,7
1063,Entangling Roots,2,0,0
1064,Chain Heal,1,40,11
1065,Demoralizing Shout,1,0,0
1069,zzOLDFaerie Fire,3,99,0
1070,Faerie Fire,3,0,0
1074,zzOLDLearn Slumber,3,0,0
1075,Thorns,3,24,7
1076,Thorns,3,0,0
1079,Rip,1,20,7
1082,Claw,1,20,7
1085,zzOLDLearn Firebolt,3,0,0
1086,Demon Armor,2,30,0
1087,Demon Armor,2,0,0
1088,Shadow Bolt,4,20,5
1089,Shadow Bolt,4,0,0
1090,Sleep,2,20,3
1091,Sleep,2,0,0
1093,zzOLDLearn Sunder Soul,1,0,0
1094,Immolate,3,20,5
1095,Immolate,3,0,0
1097,zzOLDLearn Firebolt,4,0,0
1098,Enslave Demon,1,30,5
1099,zzOLDLearn Unholy Frenzy,3,0,0
1101,Mana Funnel,1,0,0
1105,Seal of Wisdom,3,0,0
1106,Shadow Bolt,5,28,5
1107,Corruption,1,0,0
1108,Curse of Weakness,2,12,5
1109,Curse of Weakness,2,0,0
1111,zzOLDLearn Sunder Soul,2,0,0
1113,zzOLDLearn Shadow Nova,2,0,0
1114,Dodge Mastery,1,1,0
1115,zzOLDLearn Firebolt,5,0,0
1117,Mend Pet,1,0,0
1120,Drain Soul,1,10,5
1125,zzOLDLearn Hellfire,2,0,0
1126,Mark of the Wild,1,1,7
1130,Hunter's Mark,1,6,9
1134,zzOLDInner Rage,1,99,4
1136,zzOLDBlessing of Reckoning Effect,1,30,0
1142,Frostbolt,1,0,0
1146,Regeneration,1,0,0
1147,Regeneration,2,0,0
1148,Regeneration,3,0,0
1149,Regeneration,4,0,0
1150,Mind Vision,1,0,0
1151,Dash,1,0,0
1153,Heal,2,0,0
1159,First Aid,2,0,0
1160,Demoralizing Shout,1,14,4
1163,Toughness,1,0,0
1164,Toughness,2,0,0
1165,Toughness,3,0,0
1166,Toughness,4,0,0
1168,Polymorph,1,0,0
1173,Fireball,2,0,0
1174,Frost Armor,2,0,0
1175,Chains of Ice,1,0,0
1181,Regeneration,2,15,0
1182,Regeneration,3,25,0
1183,Regeneration,4,35,0
1185,Resist Fire,1,0,0
1189,Shadow Resist,1,0,0
1190,zzOLDKhadgar's Unlocking,1,0,0
1191,Frostbolt,2,0,0
1192,Polymorph,2,0,0
1193,Shadow Word: Silence,1,0,0
1194,Frost Nova,1,0,0
1196,Blizzard,1,0,0
1198,Fireball,3,0,0
1200,Frost Armor,3,0,0
1208,Chains of Ice,2,0,0
1209,zzOLDWater Elemental,1,0,0
1211,Frostbolt,3,0,0
1213,Resist Fire,2,0,0
1214,Ice Armor,1,0,0
1217,Resist Frost,2,0,0
1219,Polymorph,3,0,0
1221,zzOLDKhadgar's Unlocking,2,0,0
1223,Shadow Word: Silence,2,0,0
1225,Frost Nova,2,0,0
1228,Ice Armor,2,0,0
1241,Cone of Cold,1,0,0
1243,Power Word: Fortitude,1,1,6
1244,Power Word: Fortitude,2,12,6
1245,Power Word: Fortitude,3,24,6
1246,Holy Word: Might,1,0,0
1247,Holy Word: Might,2,0,0
1248,Holy Word: Might,3,0,0
1249,Conjure Food,1,0,0
1250,Conjure Food,2,0,0
1251,Conjure Food,3,0,0
1252,Inner Fire,1,0,0
1253,Inner Fire,3,0,0
1254,Inner Fire,4,0,0
1255,Power Word: Fortitude,1,0,0
1256,Power Word: Fortitude,2,0,0
1257,Power Word: Fortitude,3,0,0
1258,Shadow Word: Pain,1,0,0
1259,Shadow Word: Pain,2,0,0
1260,Shadow Word: Pain,3,0,0
1261,Shadow Word: Pain,4,0,0
1262,Holy Word: Protect,1,0,0
1263,Holy Word: Protect,2,0,0
1264,Holy Word: Protect,3,0,0
1265,Fade,1,0,0
1266,Dampen Magic,1,0,0
1267,Amplify Magic,1,0,0
1271,zzOLDHoly Protection,1,0,0
1272,zzOLDHoly Protection,2,0,0
1275,Smite,2,0,0
1276,Smite,3,0,0
1277,Power Word: Shield,2,0,0
1278,Power Word: Shield,3,0,0
1279,Shadow Protection,1,0,0
1280,Shadow Protection,2,0,0
1281,Shadow Word: Fumble,1,0,0
1282,Shadow Word: Fumble,2,0,0
1283,Dispel Magic,1,0,0
1284,Dispel Magic,2,0,0
1287,Prayer of Healing,1,0,0
1288,Prayer of Healing,2,0,0
1291,Curse of Archimonde,1,0,0
1292,Curse of Idiocy,1,0,0
1293,Mind Control,1,0,0
1296,Curse of Agony,1,0,0
1297,Curse of Agony,2,0,0
1298,Power Word: Shield,4,0,0
1299,Frost Resist,1,0,0
1300,Smite,4,0,0
1301,Smite,5,0,0
1303,Lightning Shield,1,0,0
1304,Lightning Shield,2,0,0
1305,Lightning Shield,3,0,0
1306,Unyielding Will,1,0,0
1307,Unyielding Will,2,0,0
1308,Unyielding Will,3,0,0
1309,zzOLDMolten Blast,1,0,0
1310,zzOLDMolten Blast,2,0,0
1311,zzOLDMolten Blast,3,0,0
1312,Spirit Armor,1,0,0
1313,Spirit Armor,2,0,0
1314,Spirit Armor,3,0,0
1316,Nullify Poison,1,0,0
1318,Undying Strength,1,0,0
1319,Undying Strength,2,0,0
1320,Undying Strength,3,0,0
1324,Lightning Bolt,2,0,0
1325,Lightning Bolt,3,0,0
1326,Healing Wave,2,0,0
1327,Healing Wave,3,0,0
1331,Nature Resistance,1,0,0
1333,Purge,1,0,0
1339,Chain Lightning,1,0,0
1340,Chain Lightning,2,0,0
1343,Thunder Clap,1,0,0
1344,Thunder Clap,2,0,0
1354,Healing Wave,4,0,0
1355,Healing Wave,5,0,0
1356,Healing Wave,6,0,0
1357,Lightning Bolt,4,0,0
1358,Lightning Bolt,5,0,0
1359,zzOLDMolten Blast,4,0,0
1360,zzOLDMolten Blast,5,0,0
1363,Lightning Shield,4,0,0
1364,Unyielding Will,4,0,0
1365,Undying Strength,4,0,0
1367,Drain Life,1,0,0
1368,Drain Life,2,0,0
1369,Drain Life,3,0,0
1374,Immolate,1,0,0
1375,Immolate,2,0,0
1376,Immolate,3,0,0
1381,Shadow Bolt,2,0,0
1382,Shadow Bolt,3,0,0
1383,Demon Skin,2,0,0
1384,Demon Armor,1,0,0
1386,Echoes of Lordaeron,4,0,0
1389,zzOLDSleep,1,0,0
1390,zzOLDSleep,2,0,0
1391,Cripple,1,0,0
1393,Curse of Weakness,1,0,0
1394,Curse of Weakness,2,0,0
1399,Anti-Magic,1,0,0
1404,Demon Armor,2,0,0
1406,Shadow Bolt,4,0,0
1407,Shadow Bolt,5,0,0
1414,Faerie Fire,1,0,0
1415,Faerie Fire,2,0,0
1416,Faerie Fire,3,0,0
1420,Thorns,1,0,0
1421,Thorns,2,0,0
1422,Thorns,3,0,0
1423,Rend,1,0,0
1425,Shackle Undead,1,0,0
1428,Rejuvenation,1,0,0
1429,Rejuvenation,2,0,0
1430,Rejuvenation,3,16,7
1431,Rejuvenation,3,0,0
1432,Swipe,2,0,0
1433,Swipe,3,0,0
1434,Tree Form,1,0,0
1435,Entangling Roots,1,0,0
1436,Entangling Roots,2,0,0
1437,Abolish Magic,1,0,0
1439,Tranquility,1,0,0
1444,Chain Heal,1,0,0
1445,Rip,1,0,0
1448,Claw,1,0,0
1449,Arcane Explosion,1,14,3
1454,Life Tap,1,6,5
1455,Life Tap,2,16,5
1456,Life Tap,3,26,5
1457,zzOLDBurning Spirit,4,99,0
1459,Arcane Intellect,1,1,3
1460,Arcane Intellect,2,14,3
1461,Arcane Intellect,3,28,3
1463,Mana Shield,1,20,3
1464,Slam,1,30,4
1467,Arcane Explosion,1,0,0
1472,Arcane Intellect,1,0,0
1473,Arcane Intellect,2,0,0
1474,Arcane Intellect,3,0,0
1475,Arcane Intellect,4,0,0
1476,Life Tap,1,0,0
1477,Life Tap,2,0,0
1478,Life Tap,3,0,0
1479,Burning Spirit,4,0,0
1481,Mana Shield,1,0,0
1482,Slam,1,0,0
1485,zzOLDSpell - Reuse 1485,1,1,0
1490,Curse of the Elements,1,32,5
1491,zzOLDCritical Shot,1,99,0
1492,zzOLDCritical Shot,2,99,0
1495,Mongoose Bite,1,16,9
1499,Freezing Trap,1,20,9
1510,Volley,1,40,9
1513,Scare Beast,1,14,0
1516,Quick Shot,1,6,0
1528,Free Master,1,20,0
1535,Fire Nova Totem,1,12,11
1544,Critical Shot,1,0,0
1545,Critical Shot,2,0,0
1549,Mongoose Bite,1,0,0
1552,Freezing Trap,1,0,0
1563,Trueshot Aura,2,0,0
1564,Volley,1,0,0
1567,Scare Beast,1,0,0
1568,Free Master,1,0,0
1571,Soul Fire,1,0,0
1572,Death Coil,1,0,0
1575,zzOLDTeach - Reuse 1575,5,0,0
1580,Quick Shot,1,0,0
1581,Quick Shot,2,0,0
1582,Quick Shot,3,0,0
1599,Fire Resist,1,0,0
1605,Heroic Strike,1,0,0
1606,Heroic Strike,2,0,0
1607,Heroic Strike,3,0,0
1608,Heroic Strike,4,24,4
1609,zzOLDSpell - Reuse 1609,5,99,0
1610,Heroic Strike,4,0,0
1611,Heroic Strike,5,0,0
1635,zzOLDEnrage,1,99,0
1640,Enrage,1,0,0
1645,zzOLDSpell - Reuse 1645,2,99,0
1648,zzOLDSpell - Reuse 1648,3,30,0
1671,Shield Bash,2,32,4
1672,Shield Bash,3,52,4
1675,Shield Bash,1,0,0
1676,Shield Bash,2,0,0
1677,Shield Bash,3,0,0
1698,Shockwave,1,28,0
1702,Shockwave,1,0,0
1707,zzOLDMind Bomb,1,99,0
1714,Curse of Tongues,1,26,5
1715,Hamstring,1,8,4
1716,Hamstring,1,0,0
1735,Demoralizing Roar,2,20,7
1736,Demoralizing Roar,1,0,0
1737,Demoralizing Roar,2,0,0
1738,Charge,1,0,0
1742,Cower,1,5,0
1747,Cower,1,5,0
1748,Cower,2,15,0
1749,Cower,3,25,0
1750,Cower,4,35,0
1751,Cower,5,45,0
1752,Sinister Strike,1,1,8
1753,Cower,2,15,0
1754,Cower,3,25,0
1755,Cower,4,35,0
1756,Cower,5,45,0
1757,Sinister Strike,2,6,8
1758,Sinister Strike,3,14,8
1759,Sinister Strike,4,22,8
1760,Sinister Strike,5,30,8
1761,Sinister Strike,1,0,0
1762,Sinister Strike,2,0,0
1763,Sinister Strike,3,0,0
1764,Sinister Strike,4,0,0
1765,Sinister Strike,5,0,0
1766,Kick,1,12,8
1767,Kick,2,26,8
1768,Kick,3,42,8
1769,Kick,4,58,8
1770,zzOLDKick,5,99,0
1771,Kick,1,0,0
1772,Kick,2,0,0
1773,Kick,3,0,0
1774,Kick,4,0,0
1775,Kick,5,0,0
1776,Gouge,1,6,8
1777,Gouge,2,18,8
1780,Gouge,1,0,0
1781,Gouge,2,0,0
1784,Stealth,1,1,8
1785,Stealth,2,20,8
1786,Stealth,3,40,8
1787,Stealth,4,60,8
1789,Stealth,1,0,0
1790,Stealth,2,0,0
1791,Stealth,3,0,0
1792,Stealth,4,0,0
1811,Scorch,1,0,0
1822,Rake,1,24,7
1823,Rake,2,34,7
1824,Rake,3,44,7
1827,Rake,1,0,0
1828,Rake,2,0,0
1829,Rake,3,0,0
1830,Pyroblast,2,0,0
1831,Blast Wave,1,0,0
1837,Holy Resist,1,0,0
1839,zzOLDCheap Shot,2,0,0
1850,Dash,1,26,0
1853,Growl,1,1,0
1856,Vanish,1,22,8
1857,Vanish,2,42,8
1858,Vanish,1,0,0
1859,Vanish,2,0,0
1866,zzOLDHoly Strike,3,99,0
1872,Holy Light,1,0,0
1873,Holy Light,2,0,0
1874,Holy Light,3,0,0
1875,Devotion Aura,1,0,0
1876,Devotion Aura,3,0,0
1877,Devotion Aura,5,0,0
1878,Lay on Hands,1,0,0
1879,zzOLDDominance Aura,1,0,0
1880,zzOLDDominance Aura,2,0,0
1888,zzOLDHoly Strike,1,0,0
1889,zzOLDHoly Strike,2,0,0
1890,zzOLDHoly Strike,3,0,0
1891,zzOLDHoly Strike,4,0,0
1897,Divine Shield,1,0,0
1898,Divine Shield,2,0,0
1911,Blessing of Protection,1,0,0
1913,Holy Light,4,0,0
1914,Holy Light,5,0,0
1941,zzOLDMana Funnel,1,99,0
1943,Rupture,1,20,8
1945,zzOLDEthereal Form,1,99,0
1949,Hellfire,1,30,5
1960,zzOLDSniper Shot,1,99,0
1966,Feint,1,16,8
1978,Serpent Sting,1,4,9
1979,zzOLDSilencing Shot,1,99,0
1985,Sniper Shot,1,0,0
2003,Serpent Sting,1,0,0
2004,Silencing Shot,1,0,0
2006,Resurrection,1,10,6
2008,Ancestral Spirit,1,12,11
2010,Resurrection,2,22,6
2011,zzOLDRebirth,2,99,0
2013,Resurrection,1,0,0
2014,Ancestral Spirit,1,0,0
2016,Resurrection,2,0,0
2017,zzOLDRebirth,2,0,0
2048,zzOLDDONOTREUSE,3,99,0
2049,Prayer of Healing,3,0,0
2050,Lesser Heal,1,1,6
2051,Lesser Heal,1,0,0
2052,Lesser Heal,2,4,6
2053,Lesser Heal,3,10,6
2054,Heal,1,16,6
2055,Heal,2,22,6
2056,Lesser Heal,2,0,0
2057,Lesser Heal,3,0,0
2058,Heal,1,0,0
2059,Heal,2,0,0
2060,Greater Heal,1,40,6
2061,Flash Heal,1,20,6
2062,zzOLDDONOTREUSE,3,99,0
2065,Greater Heal,1,0,0
2066,Flash Heal,1,0,0
2067,Greater Heal,3,0,0
2068,Greater Heal,4,0,0
2069,Greater Heal,2,0,0
2070,Sap,2,28,8
2075,Searing Totem,1,0,0
2090,Rejuvenation,4,22,7
2091,Rejuvenation,5,28,7
2092,Rejuvenation,4,0,0
2093,Rejuvenation,5,0,0
2096,Mind Vision,1,22,6
2097,Mind Vision,1,0,0
2098,Eviscerate,1,1,8
2115,Meditation,1,0,0
2116,Magic Resist,1,0,0
2117,Parry Mastery,1,0,0
2118,Dodge Mastery,1,0,0
2119,Nature Resist,1,0,0
2120,Flamestrike,1,16,3
2121,Flamestrike,2,24,3
2123,Holy Affinity,1,1,0
2124,Flamestrike,1,0,0
2125,Flamestrike,2,0,0
2136,Fire Blast,1,6,3
2137,Fire Blast,2,14,3
2138,Fire Blast,3,22,3
2140,Stasis Effect,1,15,0
2141,Fire Blast,1,0,0
2142,Fire Blast,2,0,0
2143,Fire Blast,3,0,0
2459,zzOLDOffensive Stance,2,99,0
2460,zzOLDOffensive Stance,3,99,0
2463,zzOLDPower Stance,2,37,0
2469,Offensive Stance,2,0,0
2470,Offensive Stance,3,0,0
2495,zzOLDHoly Strike,5,99,0
2496,zzOLDHoly Strike,5,0,0
2497,zzOLDDivine Strike,1,5,0
2498,zzOLDDivine Strike,2,13,0
2499,zzOLDDivine Strike,3,21,0
2500,zzOLDDivine Strike,5,37,0
2501,zzOLDDivine Strike,4,29,0
2512,Divine Strike,1,0,0
2513,Divine Strike,2,0,0
2514,Divine Strike,3,0,0
2515,Divine Strike,4,0,0
2516,Divine Strike,5,0,0
2537,Crusader Strike,1,99,0
2583,zzOLDWeaken Mind (NYI),1,99,0
2585,Eye of Kilrogg Passive (DND),1,1,0
2587,zzOLDSpell - Reuse 2587,1,0,0
2589,Backstab,2,12,8
2590,Backstab,3,20,8
2591,Backstab,4,28,8
2592,Backstab,1,0,0
2593,Backstab,2,0,0
2594,Backstab,3,0,0
2595,Backstab,4,0,0
2606,Shock,2,12,0
2607,Shock,1,4,0
2608,Shock,3,20,0
2609,Shock,4,28,0
2610,Shock,5,36,0
2611,Shock,1,0,0
2612,Shock,2,0,0
2613,Shock,3,0,0
2614,Shock,4,0,0
2615,Shock,5,0,0
2616,zzOLDLightning Storm,1,99,0
2617,zzOLDLightning Storm,2,99,0
2620,Lightning Storm,1,0,0
2621,Lightning Storm,2,0,0
2635,Beast Slayer,1,1,0
2637,Hibernate,1,18,7
2643,Multi-Shot,1,18,9
2649,Growl,1,1,0
2651,Elune's Grace,1,20,6
2652,Touch of Weakness,1,10,6
2677,zzOLDHoly Smash,1,99,0
2678,Holy Smash,1,0,0
2679,zzOLDHoly Smash,2,99,0
2680,zzOLDHoly Smash,3,99,0
2681,zzOLDHoly Smash,4,99,0
2682,zzOLDHoly Smash,5,99,0
2683,Holy Smash,2,0,0
2684,Holy Smash,3,0,0
2685,Holy Smash,4,0,0
2686,Holy Smash,5,0,0
2692,Heroic Strength,1,1,0
2697,zzOLDSmash,1,99,0
2698,Smash,1,0,0
2699,zzOLDSmash,2,99,0
2700,zzOLDSmash,3,99,0
2701,zzOLDSmash,4,99,0
2702,zzOLDSmash,5,99,0
2703,Smash,2,0,0
2704,Smash,3,0,0
2705,Smash,4,0,0
2706,Smash,5,0,0
2767,Shadow Word: Pain,5,34,6
2768,zzOLDHoly Word: Might,4,99,0
2769,Holy Word: Might,4,0,0
2770,zzOLDHoly Word: Protect,4,99,0
2771,zzOLDHoly Word: Protect,5,99,0
2772,Holy Word: Protect,4,0,0
2773,Holy Word: Protect,5,0,0
2780,zzOLDDamage Shield,1,14,0
2781,zzOLDMinor Phantasm,1,0,0
2783,zzOLDRemove Curse,2,99,0
2786,Remove Curse,2,0,0
2791,Power Word: Fortitude,4,36,6
2793,Power Word: Fortitude,4,0,0
2797,Mind Bomb Effect,1,32,0
2799,Shadow Word: Pain,5,0,0
2800,Lay on Hands,2,30,10
2804,Lay on Hands,2,0,0
2812,Holy Wrath,1,50,0
2818,Deadly Poison,1,30,8
2819,Deadly Poison II,2,38,8
2823,Deadly Poison,1,30,8
2824,Deadly Poison II,2,38,8
2825,zzOLDDONOTREUSE,3,99,0
2826,zzOLDDONOTREUSE,4,99,0
2827,zzOLDDONOTREUSE,5,99,0
2828,Sharpen Blade,1,5,0
2835,Deadly Poison,1,30,0
2837,Deadly Poison II,2,38,0
2843,Deadly Poison,1,0,0
2844,Deadly Poison,2,0,0
2851,Power Word: Shield,1,0,0
2854,zzOLDCyclone,1,99,0
2856,zzOLDDONOTREUSE,1,99,0
2860,Chain Lightning,3,48,11
2861,zzOLDSpell - Reuse 2861,4,39,0
2862,Chain Lightning,3,0,0
2863,Chain Lightning,4,0,0
2864,zzOLDSpirit Armor,5,99,0
2865,Spirit Armor,5,0,0
2866,zzOLDSpell - Reuse 2866,1,99,0
2867,zzOLDResist Fire,2,99,0
2868,Fire Resistance,1,0,0
2871,Nullify Disease,1,28,0
2875,Nullify Disease,1,0,0
2878,Turn Undead,1,24,0
2887,zzOLDFaerie Fire,4,99,0
2888,zzOLDFaerie Fire,5,99,0
2889,Faerie Fire,4,0,0
2890,Ice Barrier,1,0,0
2894,zzOLDDONOTREUSE,2,99,0
2895,zzOLDDONOTREUSE,3,99,0
2898,Viper Sting,1,0,0
2908,Soothe Animal,1,22,7
2910,Soothe Animal,1,0,0
2912,Starfire,1,20,7
2914,Starfire,1,0,0
2916,(OLD) Magic Focus,1,1,0
2917,zzOLDHoly Specialization,1,1,0
2919,Entangling Roots,3,0,0
2920,Entangling Roots,4,0,0
2937,zzOLDSleep,3,40,3
2939,zzOLDSleep,3,0,0
2941,Immolate,4,30,5
2942,Immolate,4,0,0
2943,Touch of Weakness,1,10,6
2944,Devouring Plague,1,20,6
2945,Searing Pain,1,0,0
2946,Devouring Plague,1,0,0
2947,Fire Shield,1,14,5
2948,Scorch,1,22,3
2949,Fire Shield,1,0,0
2950,Anti-Holy,2,0,0
2965,Shadow Bolt,1,0,0
2973,Raptor Strike,1,1,9
2974,Wing Clip,1,12,9
2975,Claw,5,32,0
2976,Claw,6,40,0
2977,Claw,7,48,0
2978,Raptor Strike,1,0,0
2979,Wing Clip,1,0,0
2980,Claw,1,1,0
2981,Claw,2,8,0
2982,Claw,3,16,0
2983,Sprint,1,10,8
2984,Sprint,1,0,0
3009,Claw,8,56,0
3010,Claw,7,48,0
3011,Fire Shot,1,12,0
3029,Claw,2,28,7
3030,Claw,2,0,0
3034,Viper Sting,1,36,9
3035,zzOLDTrueshot,1,99,0
3036,zzOLDTrueshot,2,99,0
3037,zzOLDTrueshot,3,99,0
3038,zzOLDTrueshot,4,99,0
3039,Trueshot,1,0,0
3040,Trueshot,2,0,0
3041,Trueshot,3,0,0
3042,Trueshot,4,0,0
3043,Scorpid Sting,1,22,9
3044,Arcane Shot,1,6,9
3046,Holy Nova,2,0,0
3047,Scorpid Sting,1,0,0
3048,Arcane Shot,1,0,0
3061,zzOLDFaerie Fire (Bear),2,0,0
3062,Rejuvenation,3,0,0
3063,Rejuvenation,4,0,0
3064,Holy Word: Shield,6,0,0
3065,Arcane Intellect,2,0,0
3066,Arcane Intellect,3,0,0
3067,Blizzard,1,0,0
3068,Blizzard,2,0,0
3069,Sleep,3,0,0
3070,Renew,1,0,0
3071,Renew,2,0,0
3072,Renew,3,0,0
3073,Fire Blast,1,0,0
3074,Fire Blast,2,0,0
3075,Fire Blast,3,0,0
3077,zzOLDAgitating Totem,1,0,0
3078,zzOLDSerpent Totem,4,0,0
3079,Holy Word: Fortitude,2,0,0
3080,Holy Word: Fortitude,3,0,0
3081,Holy Word: Fortitude,4,0,0
3082,Holy Word: Shield,1,0,0
3083,Holy Word: Shield,2,0,0
3084,Holy Word: Shield,3,0,0
3085,Greater Heal,1,0,0
3086,Shadow Word: Befuddle,1,0,0
3087,Lightning Storm,1,0,0
3088,Lightning Storm,2,0,0
3089,Lightning Bolt,4,0,0
3090,Shock,1,0,0
3091,Shock,2,0,0
3092,Shock,3,0,0
3093,Seal of Righteousness,2,0,0
3094,Seal of Righteousness,3,0,0
3095,Life Tap,1,0,0
3096,Life Tap,2,0,0
3097,Life Tap,3,0,0
3098,zzOLDShadow Bolt,1,0,0
3099,Detect Lesser Invisibility,1,0,0
3110,Firebolt,1,1,5
3111,Mend Pet,2,20,9
3139,Swipe,1,0,0
3140,Fireball,4,18,3
3141,Feather Fall,1,0,0
3142,Fireball,4,0,0
3196,Taunt,1,0,0
3210,Nullify Disease,1,0,0
3211,Nullify Disease,2,0,0
3212,Cure Poison,1,0,0
3213,zzOLDCure Poison,2,0,0
3214,Lightning Storm,3,0,0
3215,Resurrection,1,0,0
3216,Resurrection,2,0,0
3217,Call Spirit,1,0,0
3218,Call Spirit,2,0,0
3267,First Aid,3,0,0
3268,First Aid,4,0,0
3354,Rain of Fire,1,0,0
3355,Freezing Trap Effect,1,20,9
3364,Remove Curse,1,0,0
3408,Crippling Poison,1,20,8
3409,Crippling Poison,1,20,8
3410,zzOLDDONOTREUSE,2,99,0
3411,zzOLDDONOTREUSE,2,99,0
3420,Crippling Poison,1,20,0
3421,Crippling Poison II,2,50,0
3422,Crippling Poison,1,0,0
3423,Crippling Poison,2,0,0
3433,Cleave,2,0,0
3434,Cleave,3,0,0
3435,Cleave,4,0,0
3466,zzOLDKick,6,99,0
3467,Kick,6,0,0
3472,Holy Light,6,38,10
3473,Holy Light,6,0,0
3474,Holy Light,6,0,0
3487,zzOLDResistance Aura,1,99,0
3549,zzOLDAgitating Totem,4,0,0
3558,zzOLDResist Frost,1,99,0
3559,Ethereal Form,1,0,0
3560,Resist Frost,1,0,0
3597,zzOLDSmash,6,99,0
3598,Smash,6,0,0
3599,Searing Totem,1,10,11
3606,Attack,1,10,11
3627,Rejuvenation,6,34,7
3628,Rejuvenation,6,0,0
3629,zzOLDSpell - Reuse 3629,1,33,0
3661,Mend Pet,3,28,9
3662,Mend Pet,4,36,9
3663,Mend Pet,3,0,0
3664,Mend Pet,4,0,0
3666,Claw,8,56,0
3667,Claw,4,24,0
3668,zzOLDTrueshot,5,99,0
3669,Trueshot,5,0,0
3674,Black Arrow,1,50,0
3675,Black Arrow,1,0,0
3682,Slow,2,0,0
3684,Judgement,1,0,0
3686,Immolate,4,0,0
3688,Fireball,1,0,0
3690,Exorcism,1,0,0
3691,Ghost Wolf,1,0,0
3692,Detect Invisibility,2,0,0
3693,Burning Spirit,4,0,0
3694,Seal of Reckoning,1,0,0
3695,Seal of Reckoning,2,0,0
3696,Conjure Water,2,0,0
3697,Divine Protection,1,0,0
3698,Health Funnel,2,20,5
3699,Health Funnel,3,28,5
3700,Health Funnel,4,36,5
3701,Health Funnel,2,0,0
3702,Health Funnel,3,0,0
3703,Health Funnel,4,0,0
3704,Health Funnel,1,0,0
3705,Health Funnel,2,0,0
3706,Health Funnel,3,0,0
3707,Health Funnel,4,0,0
3710,Mana Funnel,1,0,0
3713,Seal of Wisdom,2,0,0
3716,Torment,1,10,5
3723,Frost Ward,5,0,0
3724,Conjure Mana Gem,1,0,0
3726,Thunder Clap,1,0,0
3728,Shock,4,0,0
3729,Shock,5,0,0
3731,zzOLDSerpent Totem,1,0,0
3732,Hellfire,1,0,0
3733,Demon Breath,1,0,0
3734,Regrowth,1,0,0
3735,Healing Touch,1,0,0
3737,Wrath,1,0,0
3738,zzOLDCure Poison,3,0,0
3739,Faerie Fire (Feral),2,0,0
3740,zzOLDRejuvenation,6,0,0
3741,Holy Resist,1,5,0
3743,zzOLDHoly Smash,6,99,0
3744,Holy Smash,6,0,0
3745,Levitate,1,0,0
3746,zzOLDSerpent Totem,2,0,0
3747,Power Word: Shield,4,24,6
3748,Holy Word: Shield,4,0,0
3750,Remove Curse,2,0,0
3751,Rain of Fire,2,0,0
3752,Shadow Word: Pain,5,0,0
3810,Heal,1,0,0
3837,Beast Slayer,1,0,0
4085,Holy Affinity,1,0,0
4107,Tough Shell,1,13,0
4108,Tough Shell,2,24,0
4109,Tough Shell,3,32,0
4111,Tough Shell,4,40,0
4112,Tough Shell,1,13,0
4113,Tough Shell,2,21,0
4114,Tough Shell,4,36,0
4115,Tough Shell,3,28,0
4116,Heroic Strength,2,5,0
4117,Heroic Strength,3,10,0
4118,Heroic Strength,4,15,0
4119,Heroic Strength,5,20,0
4120,Heroic Strength,6,25,0
4121,Heroic Strength,7,30,0
4122,Heroic Strength,8,35,0
4123,Heroic Strength,2,0,0
4124,Heroic Strength,3,0,0
4125,Heroic Strength,4,0,0
4126,Heroic Strength,5,0,0
4127,Heroic Strength,6,0,0
4128,Heroic Strength,7,0,0
4129,Heroic Strength,8,0,0
4171,Cat's Agility,1,0,0
4172,Cat's Agility,2,0,0
4173,Cat's Agility,3,0,0
4174,Cat's Agility,4,0,0
4175,Cat's Agility,5,0,0
4176,Cat's Agility,6,0,0
4177,Cat's Agility,7,0,0
4178,Cat's Agility,8,0,0
4179,Cat's Agility,1,0,0
4180,Cat's Agility,2,0,0
4181,Cat's Agility,3,0,0
4182,Cat's Agility,4,0,0
4183,Cat's Agility,5,0,0
4184,Cat's Agility,6,0,0
4185,Cat's Agility,7,0,0
4186,Cat's Agility,8,0,0
4187,Great Stamina,1,1,0
4188,Great Stamina,2,12,0
4189,Great Stamina,3,18,0
4190,Great Stamina,4,24,0
4191,Great Stamina,5,30,0
4192,Great Stamina,6,36,0
4193,Great Stamina,7,42,0
4194,Great Stamina,8,48,0
4195,Great Stamina,1,10,0
4196,Great Stamina,2,12,0
4197,Great Stamina,3,18,0
4198,Great Stamina,4,24,0
4199,Great Stamina,5,30,0
4200,Great Stamina,6,36,0
4201,Great Stamina,7,42,0
4202,Great Stamina,8,48,0
4204,Mighty Intellect,1,0,0
4205,Mighty Intellect,2,0,0
4206,Mighty Intellect,3,0,0
4207,Mighty Intellect,4,0,0
4208,Mighty Intellect,5,0,0
4210,Mighty Intellect,6,0,0
4211,Mighty Intellect,7,0,0
4212,Mighty Intellect,8,0,0
4213,Mighty Intellect,1,0,0
4214,Mighty Intellect,2,0,0
4215,Mighty Intellect,3,0,0
4216,Mighty Intellect,4,0,0
4217,Mighty Intellect,5,0,0
4218,Mighty Intellect,6,0,0
4219,Mighty Intellect,7,0,0
4220,Mighty Intellect,8,0,0
4222,Indomitable Spirit,1,0,0
4223,Indomitable Spirit,2,0,0
4224,Indomitable Spirit,3,0,0
4225,Indomitable Spirit,4,0,0
4226,Indomitable Spirit,5,0,0
4227,Indomitable Spirit,6,0,0
4228,Indomitable Spirit,7,0,0
4229,Indomitable Spirit,8,0,0
4230,Indomitable Spirit,1,0,0
4231,Indomitable Spirit,2,0,0
4232,Indomitable Spirit,3,0,0
4233,Indomitable Spirit,4,0,0
4234,Indomitable Spirit,5,0,0
4235,Indomitable Spirit,6,0,0
4236,Indomitable Spirit,7,0,0
4237,Indomitable Spirit,8,0,0
4247,Physical Prowess,1,0,0
4248,Physical Prowess,2,0,0
4249,Physical Prowess,3,0,0
4250,Physical Prowess,4,0,0
4251,Physical Prowess,5,0,0
4252,Physical Prowess,6,0,0
4253,Physical Prowess,7,0,0
4254,OLDPhysical Prowess,8,0,0
4255,Physical Prowess,1,0,0
4256,Physical Prowess,2,0,0
4257,Physical Prowess,3,0,0
4258,Physical Prowess,4,0,0
4259,Physical Prowess,5,0,0
4260,Physical Prowess,6,0,0
4261,Physical Prowess,7,0,0
4262,Physical Prowess,8,0,0
4263,Mental Acuity,1,0,0
4264,Mental Acuity,2,0,0
4265,Mental Acuity,3,0,0
4266,Mental Acuity,4,0,0
4267,Mental Acuity,5,0,0
4268,Mental Acuity,6,0,0
4269,Mental Acuity,7,0,0
4270,Mental Acuity,8,0,0
4271,Mental Acuity,1,0,0
4272,Mental Acuity,2,0,0
4273,Mental Acuity,3,0,0
4274,Mental Acuity,4,0,0
4275,Mental Acuity,5,0,0
4276,Mental Acuity,6,0,0
4277,Mental Acuity,7,0,0
4278,Mental Acuity,8,0,0
4287,Sword Mastery,2,0,0
4288,Sword Mastery,2,0,0
4289,Axe Mastery,1,0,0
4290,Axe Mastery,2,0,0
4291,Axe Mastery,1,0,0
4292,Axe Mastery,2,0,0
4293,Mace Mastery,1,0,0
4294,Mace Mastery,2,0,0
4295,Mace Mastery,1,0,0
4296,Mace Mastery,2,0,0
4297,Dagger Mastery,1,0,0
4298,Dagger Mastery,2,0,0
4299,Dagger Mastery,1,0,0
4300,Dagger Mastery,2,0,0
4301,Sword Finesse,1,0,0
4302,Sword Finesse,2,0,0
4303,Sword Finesse,3,0,0
4304,Sword Finesse,1,0,0
4305,Sword Finesse,2,0,0
4306,Sword Finesse,3,0,0
4307,Axe Finesse,1,0,0
4308,Axe Finesse,2,0,0
4309,Axe Finesse,3,0,0
4310,Axe Finesse,1,0,0
4311,Axe Finesse,2,0,0
4313,Axe Finesse,3,0,0
4328,Mace Finesse,1,0,0
4329,Mace Finesse,2,0,0
4330,Mace Finesse,3,0,0
4331,Mace Finesse,1,0,0
4332,Mace Finesse,2,0,0
4333,Mace Finesse,3,0,0
4334,Axe Specialization,1,0,0
4335,Axe Specialization,2,0,0
4336,Axe Specialization,3,0,0
4337,Axe Specialization,1,0,0
4338,Axe Specialization,4,0,0
4339,Axe Specialization,5,0,0
4340,Axe Specialization,6,0,0
4341,Axe Specialization,7,0,0
4342,Axe Specialization,8,0,0
4343,Axe Specialization,2,0,0
4344,Axe Specialization,3,0,0
4345,Axe Specialization,4,0,0
4346,Axe Specialization,5,0,0
4347,Axe Specialization,6,0,0
4348,Axe Specialization,7,0,0
4349,Axe Specialization,8,0,0
4350,Sword Specialization,1,0,0
4351,Sword Specialization,2,0,0
4352,Sword Specialization,3,0,0
4353,Sword Specialization,4,0,0
4354,Sword Specialization,5,0,0
4355,Sword Specialization,6,0,0
4356,Sword Specialization,7,0,0
4357,Sword Specialization,8,0,0
4358,Sword Specialization,1,0,0
4359,Sword Specialization,2,0,0
4360,Sword Specialization,3,0,0
4361,Sword Specialization,4,0,0
4362,Sword Specialization,5,0,0
4363,Sword Specialization,6,0,0
4364,Sword Specialization,7,0,0
4365,Sword Specialization,8,0,0
4366,Mace Specialization,1,0,0
4367,Mace Specialization,1,0,0
4368,Mace Specialization,2,0,0
4369,Mace Specialization,3,0,0
4370,Mace Specialization,4,0,0
4371,Mace Specialization,5,0,0
4372,Mace Specialization,6,0,0
4373,Mace Specialization,7,0,0
4374,Mace Specialization,8,0,0
4375,Mace Specialization,2,0,0
4376,Mace Specialization,3,0,0
4377,Mace Specialization,4,0,0
4378,Mace Specialization,5,0,0
4379,Mace Specialization,6,0,0
4380,Mace Specialization,7,0,0
4381,Mace Specialization,8,0,0
4382,Dagger Specialization,1,0,0
4383,Dagger Specialization,1,0,0
4384,Dagger Specialization,2,0,0
4385,Dagger Specialization,3,0,0
4386,Dagger Specialization,4,0,0
4387,Dagger Specialization,5,0,0
4388,Dagger Specialization,6,0,0
4389,Dagger Specialization,7,0,0
4390,Dagger Specialization,8,0,0
4391,Dagger Specialization,2,0,0
4392,Dagger Specialization,3,0,0
4393,Dagger Specialization,4,0,0
4394,Dagger Specialization,5,0,0
4395,Dagger Specialization,6,0,0
4396,Dagger Specialization,7,0,0
4397,Dagger Specialization,8,0,0
4398,2H Axe Mastery,1,0,0
4399,2H Axe Mastery,1,0,0
4400,2H Axe Mastery,2,0,0
4401,2H Axe Mastery,2,0,0
4402,2H Mace Mastery,1,0,0
4403,2H Mace Mastery,1,0,0
4404,2H Mace Mastery,2,0,0
4405,2H Mace Mastery,2,0,0
4406,2H Sword Mastery,1,0,0
4407,2H Sword Mastery,1,0,0
4408,2H Sword Mastery,2,0,0
4409,2H Sword Mastery,2,0,0
4410,Staff Mastery,1,0,0
4411,Staff Mastery,1,0,0
4412,Staff Mastery,2,0,0
4413,Staff Mastery,2,0,0
4414,2H Axe Finesse,1,0,0
4415,2H Axe Finesse,1,0,0
4416,2H Axe Finesse,2,0,0
4417,2H Axe Finesse,3,0,0
4418,2H Sword Power,1,0,0
4419,2H Sword Power,1,0,0
4420,2H Sword Power,2,0,0
4421,2H Sword Power,3,0,0
4422,2H Sword Power,2,0,0
4423,2H Sword Power,3,0,0
4424,2H Axe Finesse,2,0,0
4426,2H Mace Finesse,1,0,0
4427,2H Mace Finesse,1,0,0
4428,2H Mace Finesse,2,0,0
4429,2H Mace Finesse,3,0,0
4430,2H Mace Finesse,2,0,0
4431,2H Mace Finesse,3,0,0
4433,Melee Finesse,1,0,0
4434,Melee Finesse,1,0,0
4435,Melee Finesse,2,0,0
4437,Melee Finesse,3,0,0
4438,Melee Finesse,2,0,0
4439,Melee Finesse,3,0,0
4440,2H Axe Specialization,1,0,0
4441,2H Axe Specialization,1,0,0
4442,2H Axe Specialization,2,0,0
4443,2H Axe Specialization,3,0,0
4444,2H Axe Specialization,4,0,0
4445,2H Axe Specialization,5,0,0
4446,2H Axe Specialization,6,0,0
4447,2H Axe Specialization,7,0,0
4448,2H Axe Specialization,8,0,0
4449,2H Axe Specialization,2,0,0
4450,2H Axe Specialization,3,0,0
4451,2H Axe Specialization,4,0,0
4452,2H Axe Specialization,5,0,0
4453,2H Axe Specialization,6,0,0
4454,2H Axe Specialization,7,0,0
4455,2H Axe Specialization,8,0,0
4456,2H Sword Specialization,1,0,0
4457,2H Sword Specialization,1,0,0
4458,2H Sword Specialization,2,0,0
4459,2H Sword Specialization,3,0,0
4460,2H Sword Specialization,4,0,0
4461,2H Sword Specialization,5,0,0
4462,2H Sword Specialization,6,0,0
4463,2H Sword Specialization,7,0,0
4464,2H Sword Specialization,8,0,0
4465,2H Sword Specialization,2,0,0
4466,2H Sword Specialization,3,0,0
4467,2H Sword Specialization,4,0,0
4468,2H Sword Specialization,5,0,0
4469,2H Sword Specialization,6,0,0
4470,2H Sword Specialization,7,0,0
4471,2H Sword Specialization,8,0,0
4472,2H Mace Specialization,1,0,0
4473,2H Mace Specialization,1,0,0
4474,2H Mace Specialization,2,0,0
4475,2H Mace Specialization,3,0,0
4476,2H Mace Specialization,4,0,0
4477,2H Mace Specialization,5,0,0
4478,2H Mace Specialization,6,0,0
4479,2H Mace Specialization,7,0,0
4480,2H Mace Specialization,8,0,0
4481,2H Mace Specialization,2,0,0
4482,2H Mace Specialization,3,0,0
4483,2H Mace Specialization,4,0,0
4484,2H Mace Specialization,5,0,0
4485,2H Mace Specialization,6,0,0
4486,2H Mace Specialization,7,0,0
4487,2H Mace Specialization,8,0,0
4488,Staff Specialization,1,0,0
4489,Staff Specialization,1,0,0
4490,Staff Specialization,2,0,0
4491,Staff Specialization,3,0,0
4492,Staff Specialization,4,0,0
4493,Staff Specialization,5,0,0
4494,Staff Specialization,6,0,0
4495,Staff Specialization,7,0,0
4496,Staff Specialization,8,0,0
4497,Staff Specialization,2,0,0
4498,Staff Specialization,3,0,0
4499,Staff Specialization,4,0,0
4500,Staff Specialization,5,0,0
4501,Staff Specialization,6,0,0
4502,Staff Specialization,7,0,0
4503,Staff Specialization,8,0,0
4517,Meditation,2,15,0
4518,Meditation,3,25,0
4519,Meditation,4,35,0
4521,Meditation,2,0,0
4522,Meditation,3,0,0
4523,Meditation,4,0,0
4527,Toughness,2,10,0
4528,Toughness,3,15,0
4529,Toughness,4,20,0
4530,Toughness,5,25,0
4531,Toughness,6,30,0
4532,Toughness,7,35,0
4533,Toughness,8,40,0
4534,Toughness,5,0,0
4535,Toughness,6,0,0
4536,Toughness,7,0,0
4537,Toughness,8,0,0
4540,Holy Resist,2,15,0
4541,Holy Resist,3,25,0
4542,Holy Resist,4,35,0
4543,Holy Resist,5,45,0
4544,Holy Resist,6,55,0
4545,Holy Resist,7,65,0
4546,Holy Resist,8,75,0
4547,Fire Resist,1,5,0
4548,Nature Resist,1,5,0
4549,Frost Resist,1,5,0
4550,Shadow Resist,1,5,0
4551,Fire Resist,2,15,0
4552,Fire Resist,3,25,0
4553,Fire Resist,4,35,0
4554,Fire Resist,5,45,0
4555,Fire Resist,6,55,0
4556,Fire Resist,7,65,0
4557,Fire Resist,8,75,0
4558,Nature Resist,2,15,0
4559,Nature Resist,3,25,0
4560,Nature Resist,4,35,0
4561,Nature Resist,5,45,0
4562,Nature Resist,6,55,0
4563,Nature Resist,7,65,0
4564,Nature Resist,8,75,0
4565,Frost Resist,2,15,0
4566,Frost Resist,3,25,0
4567,Frost Resist,4,35,0
4568,Frost Resist,5,45,0
4569,Frost Resist,6,55,0
4570,Frost Resist,7,65,0
4571,Frost Resist,8,75,0
4572,Shadow Resist,2,15,0
4573,Shadow Resist,3,25,0
4574,Shadow Resist,4,35,0
4575,Shadow Resist,5,45,0
4576,Shadow Resist,6,55,0
4577,Shadow Resist,7,65,0
4578,Shadow Resist,8,75,0
4579,Magic Resist,1,5,0
4580,Magic Resist,2,15,0
4581,Magic Resist,3,25,0
4582,Magic Resist,4,35,0
4583,Magic Resist,5,45,0
4584,Magic Resist,6,55,0
4585,Magic Resist,7,65,0
4586,Magic Resist,8,75,0
4587,Magic Resist,2,0,0
4588,Magic Resist,3,0,0
4589,Magic Resist,4,0,0
4590,Magic Resist,5,0,0
4591,Magic Resist,6,0,0
4592,Magic Resist,7,0,0
4593,Magic Resist,8,0,0
4594,Holy Resist,2,0,0
4595,Holy Resist,3,0,0
4596,Holy Resist,4,0,0
4597,Holy Resist,5,0,0
4598,Holy Resist,6,0,0
4599,Holy Resist,7,0,0
4600,Holy Resist,8,0,0
4601,Fire Resist,2,0,0
4602,Fire Resist,3,0,0
4603,Fire Resist,4,0,0
4604,Fire Resist,5,0,0
4605,Fire Resist,6,0,0
4606,Fire Resist,7,0,0
4607,Fire Resist,8,0,0
4608,Nature Resist,2,0,0
4609,Nature Resist,3,0,0
4610,Nature Resist,4,0,0
4611,Nature Resist,5,0,0
4612,Nature Resist,6,0,0
4613,Nature Resist,7,0,0
4614,Nature Resist,8,0,0
4615,Frost Resist,2,0,0
4616,Frost Resist,3,0,0
4617,Frost Resist,4,0,0
4618,Frost Resist,5,0,0
4619,Frost Resist,6,0,0
4620,Frost Resist,7,0,0
4621,Frost Resist,8,0,0
4622,Shadow Resist,2,0,0
4623,Shadow Resist,3,0,0
4624,Shadow Resist,4,0,0
4625,Shadow Resist,5,0,0
4626,Shadow Resist,6,0,0
4627,Shadow Resist,7,0,0
4628,Shadow Resist,8,0,0
4631,Beast Slayer,2,1,0
4632,Beast Slayer,3,1,0
4633,Beast Slayer,4,1,0
4634,Beast Slayer,5,1,0
4635,Beast Slayer,6,1,0
4636,Beast Slayer,7,1,0
4637,Beast Slayer (OLD),8,1,0
4638,Beast Slayer,2,0,0
4639,Beast Slayer,3,0,0
4640,Beast Slayer,4,0,0
4641,Beast Slayer,5,0,0
4642,Beast Slayer,6,0,0
4643,Beast Slayer,7,0,0
4644,Beast Slayer (OLD),8,0,0
4645,Demon Slayer,1,1,0
4646,Demon Slayer,2,1,0
4647,Demon Slayer,3,1,0
4648,Demon Slayer,4,1,0
4649,Demon Slayer,5,1,0
4650,Demon Slayer,6,1,0
4651,Demon Slayer (OLD),7,1,0
4652,Demon Slayer (OLD),8,1,0
4653,Demon Slayer,1,0,0
4654,Demon Slayer,2,0,0
4655,Demon Slayer,3,0,0
4656,Demon Slayer,4,0,0
4657,Demon Slayer,5,0,0
4658,Demon Slayer,6,0,0
4659,Demon Slayer (OLD),7,0,0
4660,Demon Slayer (OLD),8,0,0
4661,Dragon Slayer,1,1,0
4662,Dragon Slayer,2,1,0
4663,Dragon Slayer,3,1,0
4664,Dragon Slayer,4,1,0
4665,Dragon Slayer,5,1,0
4666,Dragon Slayer,6,1,0
4667,Dragon Slayer (OLD),7,1,0
4668,Dragon Slayer (OLD),8,1,0
4669,Dragon Slayer,1,0,0
4670,Dragon Slayer,2,0,0
4671,Dragon Slayer,3,0,0
4672,Dragon Slayer,4,0,0
4673,Dragon Slayer,5,0,0
4674,Dragon Slayer,6,0,0
4675,Dragon Slayer (OLD),7,0,0
4676,Dragon Slayer (OLD),8,0,0
4678,Elemental Slayer,1,1,0
4679,Elemental Slayer,1,0,0
4680,Elemental Slayer,2,1,0
4681,Elemental Slayer,3,1,0
4683,Elemental Slayer,4,1,0
4684,Elemental Slayer,5,1,0
4685,Elemental Slayer,6,1,0
4687,Elemental Slayer (OLD),7,1,0
4688,Elemental Slayer (OLD),8,1,0
4689,Elemental Slayer,2,0,0
4690,Elemental Slayer,3,0,0
4691,Elemental Slayer,4,0,0
4692,Elemental Slayer,5,0,0
4693,Elemental Slayer,6,0,0
4694,Elemental Slayer (OLD),7,0,0
4695,Elemental Slayer (OLD),8,0,0
4697,Giant Slayer,1,1,0
4698,Giant Slayer,1,0,0
4699,Giant Slayer,2,1,0
4700,Giant Slayer,3,1,0
4701,Giant Slayer,4,1,0
4702,Giant Slayer,5,1,0
4703,Giant Slayer,6,1,0
4705,Giant Slayer (OLD),7,1,0
4706,Giant Slayer (OLD),8,1,0
4707,Giant Slayer,2,0,0
4708,Giant Slayer,3,0,0
4709,Giant Slayer,4,0,0
4710,Giant Slayer,5,0,0
4711,Giant Slayer,6,0,0
4712,Giant Slayer (OLD),7,0,0
4713,Giant Slayer (OLD),8,0,0
4714,Undead Slayer,1,1,0
4716,Undead Slayer,1,0,0
4717,Undead Slayer,2,1,0
4718,Undead Slayer,3,1,0
4719,Undead Slayer,4,1,0
4720,Undead Slayer,5,1,0
4721,Undead Slayer,6,1,0
4722,Undead Slayer,7,1,0
4723,Undead Slayer (OLD),8,1,0
4724,Undead Slayer,2,0,0
4725,Undead Slayer,3,0,0
4726,Undead Slayer,4,0,0
4727,Undead Slayer,5,0,0
4728,Undead Slayer,6,0,0
4729,Undead Slayer,7,0,0
4730,Undead Slayer (OLD),8,0,0
4751,Dodge Mastery,2,1,0
4752,Dodge Mastery,3,1,0
4753,Dodge Mastery,2,0,0
4754,Dodge Mastery,3,0,0
4755,zzOLDParry Mastery,1,1,0
4756,zzOLDParry Mastery,2,1,0
4757,zzOLDParry Mastery,3,1,0
4758,Parry Mastery,2,0,0
4759,Parry Mastery,3,0,0
4760,Shield Blocking,1,1,0
4761,Shield Blocking,1,0,0
4762,Shield Blocking,2,1,0
4763,Shield Blocking,3,1,0
4764,Shield Blocking,2,0,0
4765,Shield Blocking,3,0,0
4778,Lightning Reflexes,1,1,0
4779,Lightning Reflexes,1,0,0
4780,Lightning Reflexes,2,1,0
4781,Lightning Reflexes,2,0,0
4786,Holy Affinity,2,1,0
4787,Holy Affinity,2,0,0
4788,Fire Affinity,1,1,0
4789,Fire Affinity,1,0,0
4790,Fire Affinity,2,1,0
4791,Fire Affinity,2,0,0
4792,Nature Affinity,1,1,0
4793,Nature Affinity,1,0,0
4794,Nature Affinity,2,1,0
4795,Nature Affinity,2,0,0
4796,Frost Affinity,1,1,0
4797,Frost Affinity,1,0,0
4798,Frost Affinity,2,1,0
4799,Frost Affinity,2,0,0
4800,zzOLDShadow Affinity,1,1,0
4802,zzOLDShadow Affinity,2,1,0
4803,zzOLDShadow Affinity,2,0,0
4809,Magic Focus,1,0,0
4810,(OLD) Magic Focus,2,1,0
4811,(Old) Magic Focus,3,1,0
4812,Magic Focus,2,0,0
4813,Magic Focus,3,0,0
4817,zzOLDHoly Specialization,1,0,0
4818,zzOLDHoly Specialization,2,1,0
4819,zzOLDHoly Specialization,3,1,0
4820,zzOLDHoly Specialization,4,1,0
4821,zzOLDHoly Specialization,5,1,0
4822,zzOLDHoly Specialization,6,1,0
4823,zzOLDHoly Specialization,7,1,0
4824,zzOLDHoly Specialization,8,1,0
4825,zzOLDHoly Specialization,2,0,0
4826,zzOLDHoly Specialization,3,0,0
4827,zzOLDHoly Specialization,4,0,0
4828,zzOLDHoly Specialization,5,0,0
4829,zzOLDHoly Specialization,6,0,0
4830,zzOLDHoly Specialization,7,0,0
4831,zzOLDHoly Specialization,8,0,0
4832,Fire Specialization,1,1,0
4833,Fire Specialization,1,0,0
4834,Fire Specialization,2,1,0
4835,Fire Specialization,3,1,0
4836,Fire Specialization,4,1,0
4837,Fire Specialization,5,1,0
4838,Fire Specialization,6,1,0
4839,Fire Specialization,7,1,0
4840,Fire Specialization,8,1,0
4841,Fire Specialization,2,0,0
4842,Fire Specialization,3,0,0
4843,Fire Specialization,4,0,0
4844,Fire Specialization,5,0,0
4845,Fire Specialization,6,0,0
4846,Fire Specialization,7,0,0
4847,Fire Specialization,8,0,0
4848,Nature Specialization,1,1,0
4849,Nature Specialization,1,0,0
4850,Nature Specialization,2,1,0
4851,Nature Specialization,3,1,0
4852,Nature Specialization,4,1,0
4853,Nature Specialization,5,1,0
4854,Nature Specialization,6,1,0
4855,Nature Specialization,7,1,0
4856,Nature Specialization,8,1,0
4857,Nature Specialization,2,0,0
4858,Nature Specialization,3,0,0
4859,Nature Specialization,4,0,0
4860,Nature Specialization,5,0,0
4861,Nature Specialization,6,0,0
4862,Nature Specialization,7,0,0
4863,Nature Specialization,8,0,0
4864,Frost Specialization,1,1,0
4865,Frost Specialization,1,0,0
4866,Frost Specialization,2,1,0
4867,Frost Specialization,3,1,0
4868,Frost Specialization,4,1,0
4869,Frost Specialization,5,1,0
4870,Frost Specialization,6,1,0
4871,Frost Specialization,7,1,0
4872,Frost Specialization,8,1,0
4873,Frost Specialization,2,0,0
4874,Frost Specialization,3,0,0
4875,Frost Specialization,4,0,0
4876,Frost Specialization,5,0,0
4877,Frost Specialization,6,0,0
4878,Frost Specialization,7,0,0
4879,Frost Specialization,8,0,0
4880,Shadow Specialization,1,1,0
4881,Shadow Specialization,1,0,0
4882,Shadow Specialization,2,1,0
4883,Shadow Specialization,3,1,0
4884,Shadow Specialization,4,1,0
4885,Shadow Specialization,5,1,0
4886,Shadow Specialization,6,1,0
4887,Shadow Specialization,7,1,0
4888,Shadow Specialization,8,1,0
4889,Shadow Specialization,2,0,0
4890,Shadow Specialization,3,0,0
4891,Shadow Specialization,4,0,0
4892,Shadow Specialization,5,0,0
4893,Shadow Specialization,6,0,0
4894,Shadow Specialization,7,0,0
4895,Shadow Specialization,8,0,0
4896,Bow Mastery,1,0,0
4897,Bow Mastery,2,0,0
4898,Bow Mastery,1,0,0
4899,Bow Mastery,2,0,0
4900,Gun Mastery,1,0,0
4901,Gun Mastery,1,0,0
4902,Gun Mastery,2,0,0
4903,Gun Mastery,2,0,0
4904,Thrown Mastery,1,0,0
4905,Thrown Mastery,1,0,0
4906,Thrown Mastery,2,0,0
4907,Thrown Mastery,2,0,0
4915,Bow Power,1,0,0
4916,Bow Power,1,0,0
4917,Bow Power,2,0,0
4918,Bow Power,3,0,0
4919,Bow Power,2,0,0
4920,Bow Power,3,0,0
4921,Gun Power,1,0,0
4922,Gun Power,1,0,0
4923,Gun Power,2,0,0
4924,Gun Power,3,0,0
4925,Gun Power,2,0,0
4926,Gun Power,3,0,0
5027,Heroic Strength,9,40,0
5028,Heroic Strength,10,45,0
5029,Heroic Strength,11,50,0
5030,Heroic Strength,12,55,0
5031,zzOLDHeroic Strength,13,0,0
5032,zzOLDHeroic Strength,14,0,0
5033,zzOLDHeroic Strength,15,0,0
5034,Heroic Strength,9,0,0
5035,Heroic Strength,10,0,0
5036,Heroic Strength,11,0,0
5037,Heroic Strength,12,0,0
5038,zzOLDHeroic Strength,13,0,0
5039,zzOLDHeroic Strength,14,0,0
5040,zzOLDHeroic Strength,15,0,0
5041,Great Stamina,9,54,0
5042,Great Stamina,10,60,0
5043,zzOLDGreat Stamina,11,50,0
5044,zzOLDGreat Stamina,12,55,0
5045,zzOLDGreat Stamina,13,0,0
5046,zzOLDGreat Stamina,14,0,0
5047,zzOLDGreat Stamina,15,0,0
5048,Great Stamina,9,54,0
5049,Great Stamina,10,60,0
5050,zzOLDGreat Stamina,11,0,0
5051,zzOLDGreat Stamina,13,0,0
5052,zzOLDGreat Stamina,14,0,0
5053,zzOLDGreat Stamina,15,0,0
5054,zzOLDGreat Stamina,12,0,0
5055,Cat's Agility,9,0,0
5056,Cat's Agility,10,0,0
5057,Cat's Agility,11,0,0
5058,Cat's Agility,12,0,0
5059,Cat's Agility,13,0,0
5060,Cat's Agility,14,0,0
5061,Cat's Agility,15,0,0
5062,Cat's Agility,9,0,0
5063,Cat's Agility,11,0,0
5064,Cat's Agility,12,0,0
5065,Cat's Agility,13,0,0
5066,Cat's Agility,14,0,0
5067,Cat's Agility,15,0,0
5068,Cat's Agility,10,0,0
5069,Mighty Intellect,9,0,0
5070,Mighty Intellect,10,0,0
5071,Mighty Intellect,11,0,0
5072,Mighty Intellect,12,0,0
5073,Mighty Intellect,13,0,0
5074,Mighty Intellect,14,0,0
5075,Mighty Intellect,15,0,0
5076,Mighty Intellect,9,0,0
5077,Mighty Intellect,10,0,0
5078,Mighty Intellect,11,0,0
5079,Mighty Intellect,12,0,0
5080,Mighty Intellect,13,0,0
5081,Mighty Intellect,14,0,0
5082,Mighty Intellect,15,0,0
5084,Indomitable Spirit,9,0,0
5085,Indomitable Spirit,10,0,0
5086,Indomitable Spirit,11,0,0
5087,Indomitable Spirit,12,0,0
5088,Indomitable Spirit,13,0,0
5089,Indomitable Spirit,14,0,0
5090,Indomitable Spirit,15,0,0
5091,Indomitable Spirit,9,0,0
5092,Indomitable Spirit,10,0,0
5093,Indomitable Spirit,11,0,0
5094,Indomitable Spirit,12,0,0
5095,Indomitable Spirit,13,0,0
5096,Indomitable Spirit,14,0,0
5097,Indomitable Spirit,15,0,0
5102,Absorb Blow,1,35,0
5120,Undead Tracker,1,0,0
5121,Giant Tracker,1,0,0
5122,Demon Tracker,1,0,0
5123,Dragon Tracker,1,0,0
5124,Elemental Tracker,1,0,0
5125,Beast Tracker,1,0,0
5126,Demon Tracker,1,0,0
5127,Undead Tracker,1,0,0
5128,Elemental Tracker,1,0,0
5129,Dragon Tracker,1,0,0
5130,Giant Tracker,1,0,0
5138,Drain Mana,1,24,5
5139,Drain Mana,1,0,0
5143,Arcane Missiles,1,8,3
5144,Arcane Missiles,2,16,3
5145,Arcane Missiles,3,24,3
5146,Arcane Missiles,1,0,0
5147,Arcane Missiles,2,0,0
5148,Arcane Missiles,3,0,0
5151,zzOLDIce Shield,1,45,0
5154,zzOLDDONOTREUSE,1,1,0
5155,zzOLDDONOTREUSE,2,8,0
5156,zzOLDDONOTREUSE,3,16,0
5157,zzOLDDONOTREUSE,4,24,0
5158,zzOLDDONOTREUSE,5,32,0
5167,Pick Pocket,1,0,0
5171,Slice and Dice,1,10,8
5174,Cookie's Cooking,4,26,0
5175,Slice and Dice,1,0,0
5176,Wrath,1,1,7
5177,Wrath,2,6,7
5178,Wrath,3,14,7
5179,Wrath,4,22,7
5180,Wrath,5,30,7
5181,Wrath,2,0,0
5182,Wrath,3,0,0
5183,Wrath,4,0,0
5184,Wrath,5,0,0
5185,Healing Touch,1,1,7
5186,Healing Touch,2,8,7
5187,Healing Touch,3,14,7
5188,Healing Touch,4,20,7
5189,Healing Touch,5,26,7
5190,Healing Touch,2,0,0
5191,Healing Touch,1,0,0
5192,Healing Touch,3,0,0
5193,Healing Touch,4,0,0
5194,Healing Touch,5,0,0
5195,Entangling Roots,3,28,7
5196,Entangling Roots,4,38,7
5197,Cyclone,1,0,0
5198,zzOLDCyclone,2,99,0
5199,Cyclone,2,0,0
5201,Claw,3,38,7
5203,Claw,3,0,0
5204,Claw,4,0,0
5211,Bash,1,14,7
5212,Bash,1,0,0
5214,Bear Hug,1,0,0
5215,Prowl,1,20,7
5216,Prowl,1,0,0
5217,Tiger's Fury,1,24,0
5218,Tiger's Fury,1,0,0
5221,Shred,1,22,7
5222,Shred,1,0,0
5223,zzOLDPlay Dead,1,99,0
5224,Play Dead,1,0,0
5230,Nature's Grasp,2,0,0
5231,Mark of the Wild,1,0,0
5232,Mark of the Wild,2,10,7
5233,Mark of the Wild,2,0,0
5234,Mark of the Wild,4,30,7
5235,Mark of the Wild,3,0,0
5236,zzOLDNature's Blessing,1,44,0
5237,Riposte,1,0,0
5238,zzOLDSpell Break,1,99,0
5239,Spell Break,1,0,0
5240,zzOLDSpell Break,2,99,0
5241,Spell Break,2,0,0
5242,Battle Shout,2,12,4
5243,Battle Shout,2,0,0
5248,Inner Rage,1,0,0
5253,Turn Undead,1,0,0
5258,zzOLDPinpoint Accuracy,1,20,0
5269,Defias Disguise,1,0,0
5270,Stonesplinter Disguise,1,0,0
5272,Dalaran Wizard Disguise,1,0,0
5273,Dark Iron Dwarf Disguise,1,0,0
5274,Syndicate Disguise,1,0,0
5275,South Seas Pirate Disguise,1,0,0
5280,Razor Mane,1,8,0
5281,zzOLDBlessing of Reckoning Effect,2,40,0
5283,Execute,1,0,0
5285,Mark of the Wild,1,0,0
5286,Mark of the Wild,2,0,0
5287,Mark of the Wild,3,0,0
5289,Wrath,2,0,0
5290,Wrath,3,0,0
5291,Wrath,4,0,0
5292,Wrath,5,0,0
5294,Healing Touch,2,0,0
5295,Healing Touch,3,0,0
5296,Healing Touch,4,0,0
5297,Healing Touch,5,0,0
5298,Hunter's Mark,1,0,0
5299,Hibernate,1,0,0
5303,zzOLDCyclone,1,0,0
5304,zzOLDCyclone,2,0,0
5305,Dampen Magic,1,0,0
5306,ImmuneSleep (JEFFTEST),1,1,0
5307,Moonfire,1,0,0
5308,Execute,1,24,4
5309,Entangling Roots,3,0,0
5310,Mark of the Wild,1,0,0
5311,zzOLDBattle Roar,2,0,0
5312,zzOLDEntangling Roots,4,0,0
5320,Echeyakee's Grace,1,10,0
5321,Ishamuhale's Rage,1,10,0
5322,Lakota'mani's Thunder,1,10,0
5323,Speed of Owatanka,1,10,0
5324,Washte Pawne's Resolve,1,10,0
5325,Strength of Isha Awak,1,10,0
5338,Multi-Shot,1,0,0
5340,2H Axe Specialization,9,0,0
5341,2H Axe Specialization,10,0,0
5342,2H Axe Specialization,11,0,0
5343,2H Axe Specialization,12,0,0
5344,2H Axe Specialization,13,0,0
5345,2H Axe Specialization,14,0,0
5346,2H Axe Specialization,15,0,0
5348,2H Mace Specialization,9,0,0
5349,2H Mace Specialization,10,0,0
5350,2H Mace Specialization,11,0,0
5351,2H Mace Specialization,12,0,0
5352,2H Mace Specialization,13,0,0
5353,2H Mace Specialization,14,0,0
5354,2H Mace Specialization,15,0,0
5355,2H Sword Specialization,9,0,0
5356,2H Sword Specialization,10,0,0
5357,2H Sword Specialization,11,0,0
5358,2H Sword Specialization,12,0,0
5359,2H Sword Specialization,13,0,0
5360,2H Sword Specialization,14,0,0
5361,2H Sword Specialization,15,0,0
5363,Thick Skin,1,13,0
5364,Thick Skin,1,15,0
5365,Thick Skin,2,24,0
5366,Thick Skin,3,32,0
5367,Thick Skin,4,40,0
5368,Thick Skin,2,24,0
5369,Thick Skin,3,32,0
5370,Thick Skin,4,40,0
5371,zzOLDDONOTREUSE,1,99,0
5372,zzOLDDONOTREUSE,2,99,0
5374,zzOLDDONOTREUSE,4,99,0
5375,zzOLDSpell - Reuse 5375,5,99,0
5388,zzOLDGhost Wolf,2,99,0
5389,Ghost Wolf,2,0,0
5390,Ethereal Form,1,0,0
5391,zzOLDEthereal Form,2,99,0
5392,Ethereal Form,2,0,0
5394,Healing Stream Totem,1,20,11
5396,Healing Stream Totem,1,0,0
5400,zzOLDHealing Totem Effect,1,99,0
5405,Replenish Mana,1,28,0
5427,2H Axe Specialization,16,0,0
5428,Axe Specialization,9,0,0
5429,Axe Specialization,10,0,0
5430,Axe Specialization,11,0,0
5431,Axe Specialization,12,0,0
5432,Axe Specialization,13,0,0
5433,Axe Specialization,14,0,0
5448,Sword Specialization,9,0,0
5449,Sword Specialization,10,0,0
5450,Sword Specialization,11,0,0
5451,Sword Specialization,12,0,0
5452,Sword Specialization,13,0,0
5453,Sword Specialization,14,0,0
5454,2H Sword Finesse,1,0,0
5455,2H Sword Finesse,2,0,0
5456,2H Sword Finesse,3,0,0
5457,2H Sword Specialization,9,0,0
5458,2H Sword Specialization,10,0,0
5459,2H Sword Specialization,11,0,0
5460,2H Sword Specialization,12,0,0
5461,2H Sword Specialization,13,0,0
5462,2H Sword Specialization,14,0,0
5463,2H Sword Finesse,1,0,0
5464,2H Sword Finesse,2,0,0
5465,2H Sword Finesse,3,0,0
5466,2H Axe Power,1,0,0
5467,2H Axe Power,2,0,0
5468,2H Axe Power,3,0,0
5469,2H Axe Finesse,3,0,0
5470,2H Axe Specialization,9,0,0
5471,2H Axe Specialization,10,0,0
5472,2H Axe Specialization,11,0,0
5473,2H Axe Specialization,12,0,0
5474,2H Axe Specialization,13,0,0
5475,2H Axe Specialization,14,0,0
5476,2H Axe Specialization,15,0,0
5477,2H Axe Power,1,0,0
5478,2H Axe Power,2,0,0
5479,2H Axe Power,3,0,0
5480,Cleave Armor,2,0,0
5481,Sword Power,1,0,0
5482,Sword Power,2,0,0
5483,Sword Power,3,0,0
5484,Howl of Terror,1,40,5
5486,Howl of Terror,1,0,0
5489,Sword Specialization,9,0,0
5490,Sword Specialization,10,0,0
5491,Sword Specialization,11,0,0
5492,Sword Specialization,12,0,0
5493,Sword Specialization,13,0,0
5494,Sword Specialization,14,0,0
5496,Sword Power,1,0,0
5497,Sword Power,2,0,0
5498,Sword Power,3,0,0
5504,Conjure Water,1,4,3
5505,Conjure Water,2,10,3
5506,Conjure Water,3,20,3
5507,Conjure Water,1,0,0
5508,Cleave Armor,1,0,0
5509,Axe Power,1,0,0
5510,Axe Power,2,0,0
5511,Axe Power,3,0,0
5513,Axe Specialization,15,0,0
5516,Axe Specialization,9,0,0
5517,Axe Specialization,10,0,0
5518,Axe Specialization,11,0,0
5519,Axe Specialization,12,0,0
5520,Axe Specialization,13,0,0
5521,Axe Specialization,14,0,0
5522,Axe Specialization,15,0,0
5524,Axe Power,1,0,0
5525,Axe Power,2,0,0
5526,Axe Power,3,0,0
5527,2H Mace Power,1,0,0
5528,2H Mace Power,2,0,0
5529,2H Mace Power,3,0,0
5530,Mace Stun Effect,1,0,0
5531,zzOLDStunning Blow,2,0,0
5533,2H Mace Specialization,9,0,0
5534,2H Mace Specialization,10,0,0
5535,2H Mace Specialization,11,0,0
5536,2H Mace Specialization,12,0,0
5537,2H Mace Specialization,13,0,0
5538,2H Mace Specialization,14,0,0
5539,2H Mace Specialization,15,0,0
5540,2H Mace Power,1,0,0
5541,2H Mace Power,2,0,0
5542,2H Mace Power,3,0,0
5545,Mace Power,1,0,0
5546,Mace Power,2,0,0
5547,Mace Power,3,0,0
5548,Mace Specialization,9,0,0
5549,Mace Specialization,10,0,0
5550,Mace Specialization,11,0,0
5551,Mace Specialization,12,0,0
5552,Mace Specialization,13,0,0
5553,Mace Specialization,14,0,0
5554,Mace Specialization,15,0,0
5555,Mace Power,1,0,0
5556,Mace Power,2,0,0
5557,Mace Power,3,0,0
5558,Mace Specialization,9,0,0
5559,Mace Specialization,10,0,0
5560,Mace Specialization,11,0,0
5561,Mace Specialization,12,0,0
5562,Mace Specialization,13,0,0
5563,Mace Specialization,14,0,0
5564,Mace Specialization,15,0,0
5565,Conjure Water,2,0,0
5566,Conjure Water,3,0,0
5569,zzOLDHoly Strike,6,99,0
5570,Insect Swarm,1,20,7
5571,zzOLDHoly Strike,6,0,0
5572,Divine Protection,1,0,0
5573,Divine Protection,2,18,0
5574,Divine Protection,2,0,0
5575,zzOLDBlessing of Reckoning,3,99,0
5576,zzOLDBlessing of Reckoning Effect,3,50,0
5577,zzOLDBlessing of Reckoning,3,0,0
5578,zzOLDBlessing of Reckoning Effect,4,60,0
5580,zzOLDBlessing of Reckoning,4,99,0
5582,zzOLDBlessing of Reckoning,4,0,0
5584,Hammer of Justice,1,0,0
5585,Dagger Power,1,0,0
5586,Dagger Power,2,0,0
5587,Dagger Power,3,0,0
5588,Hammer of Justice,2,24,10
5589,Hammer of Justice,3,40,10
5590,Hammer of Justice,2,0,0
5591,Hammer of Justice,3,0,0
5594,Dagger Power,1,0,0
5595,Dagger Power,2,0,0
5596,Dagger Power,3,0,0
5597,Serious Wound,1,0,0
5598,Serious Wound,2,0,0
5599,Blessing of Protection,2,24,10
5600,Blessing of Protection,2,0,0
5601,zzOLDBlessing of Righteousness,2,99,0
5602,zzOLDBlessing of Righteousness,3,99,0
5603,zzOLDBlessing of Righteousness,2,0,0
5604,zzOLDBlessing of Righteousness,3,0,0
5606,zzOLDHealing Aura,2,99,0
5609,zzOLDHealing Aura,3,99,0
5611,zzOLDHealing Aura,3,0,0
5613,Exorcism,1,0,0
5614,Exorcism,2,28,0
5615,Exorcism,3,36,0
5616,Exorcism,2,0,0
5617,Exorcism,3,0,0
5618,zzOLDResistance Aura,2,99,0
5620,zzOLDResistance Aura,1,0,0
5621,zzOLDResistance Aura,2,0,0
5626,Gun Specialization,1,0,0
5627,Turn Undead,2,38,0
5629,Turn Undead,2,0,0
5630,Gun Specialization,2,0,0
5631,Gun Specialization,3,0,0
5632,Gun Specialization,4,0,0
5633,Gun Specialization,5,0,0
5634,Gun Specialization,6,0,0
5635,Gun Specialization,7,0,0
5636,Gun Specialization,8,0,0
5637,Gun Specialization,9,0,0
5638,Gun Specialization,10,0,0
5639,Gun Specialization,11,0,0
5640,Gun Specialization,12,0,0
5641,Gun Specialization,13,0,0
5642,Gun Specialization,14,0,0
5643,Gun Specialization,15,0,0
5644,Wisdom Aura,2,0,0
5645,zzOLDWisdom Aura,3,99,0
5647,Wisdom Aura,3,0,0
5648,Stunning Blast,1,0,0
5649,Stunning Blast,2,0,0
5650,Gun Specialization,1,0,0
5651,Gun Specialization,2,0,0
5652,Gun Specialization,3,0,0
5653,Gun Specialization,4,0,0
5654,Gun Specialization,5,0,0
5655,Gun Specialization,6,0,0
5656,Gun Specialization,7,0,0
5657,Gun Specialization,8,0,0
5658,Gun Specialization,9,0,0
5659,Gun Specialization,10,0,0
5660,Gun Specialization,11,0,0
5661,Gun Specialization,12,0,0
5662,Gun Specialization,13,0,0
5663,Gun Specialization,14,0,0
5664,Gun Specialization,15,0,0
5670,Disguise,1,0,0
5671,Disguise,1,0,0
5672,Healing Stream,1,20,11
5675,Mana Spring Totem,1,26,11
5676,Searing Pain,1,18,5
5677,Mana Spring,1,26,11
5678,Mana Spring Totem,1,0,0
5682,Lightning Reflexes,3,1,0
5683,Lightning Reflexes,4,1,0
5684,Lightning Reflexes,5,1,0
5685,Lightning Reflexes,6,1,0
5686,Lightning Reflexes,7,1,0
5687,Lightning Reflexes,8,1,0
5688,Lightning Reflexes,3,0,0
5689,Lightning Reflexes,4,0,0
5690,Lightning Reflexes,5,0,0
5691,Lightning Reflexes,6,0,0
5692,Lightning Reflexes,7,0,0
5693,Lightning Reflexes,8,0,0
5696,Charge (TEST),1,1,0
5703,Stunning Strike,1,5,0
5704,zzOLDShadow Word: Befuddle,1,99,0
5705,Shadow Word: Befuddle,1,0,0
5709,Hellfire,1,0,0
5715,Staff Power,1,0,0
5716,Staff Power,2,0,0
5717,Staff Power,3,0,0
5722,Staff Power,1,0,0
5724,Staff Power,2,0,0
5725,Staff Power,3,0,0
5726,Stunning Blow,1,0,0
5727,Stunning Blow,2,0,0
5728,Stoneclaw Totem Passive,1,8,0
5729,Stoneclaw Totem Effect,1,8,0
5730,Stoneclaw Totem,1,8,11
5731,Stoneclaw Totem,1,0,0
5732,zzOLDInvisibility Totem Effect,1,40,0
5733,zzOLDInvisibility Totem Passive,1,40,0
5734,zzOLDInvisibility Totem,1,99,0
5735,zzOLDInvisibility Totem,1,0,0
5736,Curse of Tongues,1,0,0
5737,zzOLDCrippling Curse,1,99,0
5738,Crippling Curse,1,0,0
5740,Rain of Fire,1,20,5
5741,Rain of Fire,1,0,0
5742,Bow Specialization,1,0,0
5743,Bow Specialization,2,0,0
5744,Bow Specialization,3,0,0
5745,Bow Specialization,4,0,0
5746,Bow Specialization,5,0,0
5747,Bow Specialization,6,0,0
5748,Bow Specialization,7,0,0
5749,Bow Specialization,8,0,0
5750,Bow Specialization,9,0,0
5751,Bow Specialization,10,0,0
5752,Bow Specialization,11,0,0
5753,Bow Specialization,12,0,0
5754,Bow Specialization,13,0,0
5755,Bow Specialization,14,0,0
5756,Bow Specialization,15,0,0
5757,Crossbow Mastery,1,0,0
5758,Crossbow Mastery,2,0,0
5760,Mind-numbing Poison,1,24,8
5761,Mind-numbing Poison,1,24,8
5762,Crossbow Mastery,1,0,0
5763,Mind-numbing Poison,1,24,0
5764,Crossbow Mastery,2,0,0
5765,Bow Specialization,1,0,0
5766,Bow Specialization,2,0,0
5767,Bow Specialization,3,0,0
5768,Mind-numbing Poison,1,0,0
5769,Bow Specialization,4,0,0
5770,Bow Specialization,5,0,0
5771,Bow Specialization,6,0,0
5772,Bow Specialization,7,0,0
5773,Bow Specialization,8,0,0
5774,Bow Specialization,9,0,0
5775,Bow Specialization,10,0,0
5776,Bow Specialization,11,0,0
5777,Bow Specialization,12,0,0
5778,Bow Specialization,13,0,0
5779,Bow Specialization,14,0,0
5780,Bow Specialization,15,0,0
5782,Fear,1,8,5
5783,Fear,1,0,0
5786,Shield Defense,1,5,0
5787,Shield Defense,2,5,0
5788,Shield Defense,3,5,0
5789,Shield Defense,4,5,0
5790,Shield Defense,5,5,0
5791,Shield Defense,6,5,0
5792,OLDShield Defense,7,5,0
5793,OLDShield Defense,8,5,0
5794,Shield Blocking,4,1,0
5795,Shield Blocking,5,1,0
5796,Shield Blocking,6,1,0
5797,Shield Blocking,4,0,0
5798,Shield Blocking,5,0,0
5799,Shield Blocking,6,0,0
5800,Shield Defense,1,0,0
5801,Shield Defense,2,0,0
5802,Shield Defense,3,0,0
5803,Shield Defense,4,0,0
5804,Shield Defense,5,0,0
5805,Shield Defense,6,0,0
5806,Shield Defense,7,0,0
5807,Shield Defense,8,0,0
5812,Nature Power,1,1,0
5813,Nature Power,2,1,0
5814,Nature Power,3,1,0
5815,Nature Power,4,1,0
5816,Nature Focus,1,1,0
5817,Nature Focus,2,1,0
5818,Nature Focus,3,1,0
5819,Nature Affinity,3,1,0
5820,Nature Specialization,9,1,0
5821,Nature Specialization,10,1,0
5822,Nature Affinity,4,1,0
5823,Nature Specialization,9,0,0
5824,Nature Specialization,10,0,0
5825,Nature Affinity,3,0,0
5826,Nature Affinity,4,0,0
5827,Nature Power,1,0,0
5828,Nature Power,2,0,0
5829,Nature Power,3,0,0
5830,Nature Power,4,0,0
5831,Nature Focus,1,0,0
5832,Nature Focus,2,0,0
5833,Nature Focus,3,0,0
5834,Fire Focus,1,1,0
5835,Fire Power,1,1,0
5837,Fire Focus,2,1,0
5838,Fire Focus,3,1,0
5839,Fire Power,2,1,0
5840,Fire Power,3,1,0
5841,Fire Power,4,1,0
5842,Fire Affinity,3,1,0
5843,Fire Affinity,4,1,0
5844,Fire Specialization,9,1,0
5845,Fire Specialization,10,1,0
5846,Fire Specialization,9,0,0
5847,Fire Specialization,10,0,0
5848,Fire Power,1,0,0
5849,Fire Focus,1,0,0
5850,Fire Focus,2,0,0
5851,Fire Focus,3,0,0
5852,Fire Power,2,0,0
5853,Fire Power,3,0,0
5854,Fire Power,4,0,0
5855,Fire Affinity,3,0,0
5856,Fire Affinity,4,0,0
5857,Hellfire Effect,1,30,5
5865,Frost Focus,1,1,0
5866,Frost Power,1,1,0
5867,Frost Focus,2,1,0
5868,Frost Focus,3,1,0
5869,Frost Power,2,1,0
5870,Frost Power,3,1,0
5871,Frost Power,4,1,0
5872,Frost Affinity,3,1,0
5873,Frost Affinity,4,1,0
5874,Frost Specialization,9,1,0
5875,Frost Specialization,10,1,0
5876,Frost Specialization,10,0,0
5877,Frost Specialization,9,0,0
5878,Frost Affinity,3,0,0
5879,Frost Affinity,4,0,0
5880,Frost Power,1,0,0
5881,Frost Focus,1,0,0
5882,Frost Focus,2,0,0
5883,Frost Focus,3,0,0
5885,Frost Power,2,0,0
5886,Frost Power,3,0,0
5887,Frost Power,4,0,0
5891,Shadow Specialization,9,1,0
5892,Shadow Specialization,10,1,0
5893,zzOLDShadow Affinity,3,1,0
5894,zzOLDShadow Affinity,4,1,0
5896,Shadow Power,1,1,0
5897,zzOLDShadow Focus,1,1,0
5898,Shadow Power,2,1,0
5899,Shadow Power,3,1,0
5900,Shadow Power,4,1,0
5901,zzOLDShadow Focus,2,1,0
5902,zzOLDShadow Focus,3,1,0
5903,Shadow Specialization,9,0,0
5904,Shadow Specialization,10,0,0
5905,zzOLDShadow Affinity,3,0,0
5906,zzOLDShadow Affinity,4,0,0
5907,Shadow Power,1,0,0
5908,zzOLDShadow Focus,1,0,0
5910,Shadow Power,2,0,0
5911,Shadow Power,3,0,0
5912,Shadow Power,4,0,0
5913,zzOLDShadow Focus,2,0,0
5914,zzOLDShadow Focus,3,0,0
5916,Shadowstalker Stealth,1,1,0
5917,Fumble,1,10,0
5918,Shadowstalker Stab,1,13,0
5919,Holy Affinity,3,1,0
5920,Holy Affinity,4,1,0
5921,zzOLDHoly Specialization,9,1,0
5922,zzOLDHoly Specialization,10,1,0
5923,Holy Power,1,0,0
5924,Holy Power,2,0,0
5925,Holy Power,3,0,0
5926,Holy Power,4,0,0
5927,Holy Focus,1,1,0
5928,Holy Focus,2,1,0
5929,Holy Focus,3,1,0
5930,Holy Affinity,3,0,0
5931,Holy Affinity,4,0,0
5932,zzOLDHoly Specialization,9,0,0
5933,zzOLDHoly Specialization,10,0,0
5934,Flourish,1,0,0
5935,Holy Focus,1,0,0
5936,Holy Focus,2,0,0
5937,Holy Focus,3,0,0
5941,Evade,1,1,0
5942,Evade,2,1,0
5943,Evade,3,1,0
5944,Evade (OLD),4,1,0
5945,Evade,1,0,0
5946,Evade,2,0,0
5947,Evade,3,0,0
5948,Evade (OLD),4,0,0
5952,Throwing Specialization,1,0,0
5953,Throwing Specialization,2,0,0
5954,Throwing Specialization,3,0,0
5955,Throwing Specialization,4,0,0
5956,Throwing Specialization,5,0,0
5957,Throwing Specialization,6,0,0
5958,Throwing Specialization,7,0,0
5959,Throwing Specialization,1,0,0
5960,Throwing Specialization,2,0,0
5961,Throwing Specialization,3,0,0
5962,Throwing Specialization,4,0,0
5963,Throwing Specialization,5,0,0
5964,Throwing Specialization,6,0,0
5965,Throwing Specialization,7,0,0
5969,Crossbow Specialization,1,0,0
5970,Crossbow Power,1,0,0
5971,Crossbow Power,2,0,0
5972,Crossbow Power,3,0,0
5973,Crossbow Specialization,2,0,0
5974,Crossbow Specialization,3,0,0
5975,Crossbow Specialization,4,0,0
5976,Crossbow Specialization,5,0,0
5977,Crossbow Specialization,6,0,0
5979,Crossbow Specialization,7,0,0
5980,Crossbow Power,1,0,0
5981,Crossbow Specialization,1,0,0
5982,Crossbow Power,2,0,0
5983,Crossbow Power,3,0,0
5984,Crossbow Specialization,2,0,0
5985,Crossbow Specialization,3,0,0
5986,Crossbow Specialization,4,0,0
5987,Crossbow Specialization,5,0,0
5988,Crossbow Specialization,6,0,0
5989,Crossbow Specialization,7,0,0
6001,Tough Shell,1,0,0
6002,Tough Shell,2,0,0
6003,Tough Shell,3,0,0
6004,Tough Shell,4,0,0
6009,Bruise,1,0,0
6010,Bruise,2,0,0
6011,Bruise,3,0,0
6012,Bruise,4,0,0
6013,Throw Rock,1,0,0
6014,Throw Rock,2,0,0
6026,Web,1,0,0
6027,Web,2,0,0
6028,Web,3,0,0
6031,Healing Tongue,1,0,0
6032,Healing Tongue,2,0,0
6034,Thick Skin,1,0,0
6035,Thick Skin,2,0,0
6036,Thick Skin,3,0,0
6037,Thick Skin,4,0,0
6038,Hand Snap,1,0,0
6041,Lightning Bolt,6,32,11
6042,Create Lesser Healthstone,2,0,0
6043,Lightning Bolt,6,0,0
6057,Wand Specialization,1,0,0
6058,zzOLDLightning Storm,3,99,0
6059,Lightning Storm,3,0,0
6060,Smite,6,38,6
6061,zzOLDSpell - Reuse 6061,6,99,0
6062,Smite,6,0,0
6063,Heal,3,28,6
6064,Heal,4,34,6
6065,Power Word: Shield,5,30,6
6066,Power Word: Shield,6,36,6
6067,Power Word: Shield,5,0,0
6068,Power Word: Shield,6,0,0
6069,zzOLDShadow Word: Befuddle,2,99,0
6070,Shadow Word: Befuddle,2,0,0
6071,Heal,3,0,0
6072,Heal,4,0,0
6073,Renew,1,0,0
6074,Renew,2,14,6
6075,Renew,3,20,6
6076,Renew,4,26,6
6077,Renew,5,32,6
6078,Renew,6,38,6
6079,Renew,2,0,0
6080,Renew,3,0,0
6081,Renew,4,0,0
6082,Renew,5,0,0
6083,Renew,6,0,0
6085,Wand Specialization,2,0,0
6086,zzOLDWand Specialization,3,0,0
6087,zzOLDWand Specialization,4,0,0
6088,zzOLDWand Specialization,5,0,0
6089,Wand Specialization,6,0,0
6090,Wand Specialization,7,0,0
6091,Wand Specialization,8,0,0
6092,Wand Specialization,9,0,0
6093,Wand Specialization,10,0,0
6094,Wand Power,1,0,0
6095,Wand Mastery,1,0,0
6096,Wand Mastery,2,0,0
6097,Wand Power,2,0,0
6098,Wand Power,3,0,0
6099,Wand Mastery,1,0,0
6100,Wand Power,1,0,0
6101,Wand Specialization,1,0,0
6102,Wand Specialization,2,0,0
6103,Wand Specialization,3,0,0
6104,Wand Specialization,4,0,0
6105,Wand Specialization,5,0,0
6106,Wand Specialization,6,0,0
6107,Wand Specialization,7,0,0
6108,Wand Specialization,8,0,0
6109,Wand Specialization,10,0,0
6110,Wand Mastery,2,0,0
6111,Wand Power,2,0,0
6112,Wand Power,3,0,0
6113,Wand Specialization,9,0,0
6116,Frost Armor,1,0,0
6117,Mage Armor,1,34,3
6118,zzOLDMage Armor,3,99,0
6121,Mage Armor,1,0,0
6127,Conjure Water,4,30,3
6128,Conjure Water,4,0,0
6129,Conjure Food,4,32,3
6130,Conjure Food,4,0,0
6131,Frost Nova,3,40,3
6132,Frost Nova,3,0,0
6133,zzOLDFrost Shield,1,0,0
6134,zzOLDFrost Shield,2,99,0
6135,zzOLDFrost Shield,3,34,0
6136,Chilled,1,1,3
6137,zzOLDFrost Shield,2,0,0
6138,zzOLDFrost Shield,3,0,0
6139,zzOLDBlink,2,99,3
6140,zzOLDBlink,2,0,0
6141,Blizzard,2,28,3
6142,Blizzard,2,0,0
6143,Frost Ward,1,22,3
6144,Frost Ward,1,0,0
6146,Slow,2,40,0
6148,zzOLDWater Elemental,2,40,0
6149,zzOLDWater Elemental,2,0,0
6151,Sneaky,1,1,0
6152,zzOLDSpell - Reuse 6152,1,1,0
6153,Sneaky,2,1,0
6154,zzOLDSpell - Reuse 6154,6,99,0
6155,Sneaky,3,1,0
6156,Sneaky,4,1,0
6157,Sneaky,5,1,0
6158,Heroic Strike,6,0,0
6159,zzOLDSpell - Reuse 6159,2,1,0
6160,zzOLDSpell - Reuse 6160,3,1,0
6161,zzOLDSpell - Reuse 6161,4,1,0
6162,zzOLDSpell - Reuse 6162,5,1,0
6163,Sneaky,1,0,0
6164,Perceptive,1,0,0
6165,Sneaky,2,0,0
6166,Sneaky,3,0,0
6167,Sneaky,4,0,0
6169,Sneaky,5,0,0
6170,Perceptive,2,0,0
6171,Perceptive,3,0,0
6172,Perceptive,4,0,0
6173,Perceptive,5,0,0
6174,zzOLDExecute,2,99,0
6175,zzOLDExecute,3,99,0
6176,Execute,2,0,0
6177,Execute,3,0,0
6178,Charge,2,26,4
6180,Charge,2,0,0
6184,zzOLDSpell - Reuse 6184,2,99,0
6185,Hemorrhage,2,0,0
6186,zzOLDRiposte,2,99,0
6187,Riposte,2,0,0
6190,Demoralizing Shout,2,24,4
6191,Demoralizing Shout,2,0,0
6192,Battle Shout,3,22,4
6193,Battle Shout,3,0,0
6205,Curse of Weakness,3,22,5
6206,Curse of Weakness,3,0,0
6207,zzOLDBlood Boil,1,99,0
6208,zzOLDBlood Boil,2,99,0
6209,zzOLDBlood Boil,3,99,0
6210,Blood Boil,1,0,0
6211,Blood Boil,2,0,0
6212,Blood Boil,3,0,0
6213,Fear,2,32,5
6214,Fear,2,0,0
6215,Fear,3,56,5
6216,Fear,3,0,0
6217,Curse of Agony,3,28,5
6218,Curse of Agony,3,0,0
6219,Rain of Fire,2,34,5
6220,Rain of Fire,2,0,0
6221,Corruption,1,0,0
6222,Corruption,2,14,5
6223,Corruption,3,24,5
6224,Corruption,2,0,0
6225,Corruption,3,0,0
6226,Drain Mana,2,34,5
6227,Drain Mana,2,0,0
6229,Shadow Ward,1,32,0
6230,zzOLDHoly Ward,1,99,0
6231,Holy Ward,1,0,0
6232,Shadow Ward,1,0,0
6268,Rushing Charge,1,1,0
6280,Pet Hardiness,1,0,0
6281,Pet Hardiness,2,0,0
6282,Pet Hardiness,3,0,0
6283,Pet Hardiness,4,0,0
6285,Pet Hardiness,1,0,0
6286,Pet Hardiness,5,0,0
6291,Pet Hardiness,2,0,0
6292,Pet Hardiness,3,0,0
6293,Pet Hardiness,4,0,0
6294,Pet Hardiness,5,0,0
6307,Blood Pact,1,4,5
6311,Pet Aggression,1,0,0
6313,Pet Aggression,1,0,0
6314,Pet Aggression,2,0,0
6315,Pet Aggression,3,0,0
6316,Pet Aggression,4,0,0
6317,Pet Aggression,5,0,0
6322,Pet Aggression,2,0,0
6323,Pet Aggression,3,0,0
6324,Pet Aggression,4,0,0
6325,Pet Aggression,5,0,0
6328,Pet Recovery,1,0,0
6330,Pet Recovery,1,0,0
6331,Pet Recovery,2,0,0
6332,Pet Recovery,3,0,0
6333,Pet Recovery,4,0,0
6334,Pet Recovery,5,0,0
6339,Pet Recovery,2,0,0
6340,Pet Recovery,3,0,0
6341,Pet Recovery,4,0,0
6342,Pet Recovery,5,0,0
6343,Thunder Clap,1,6,4
6344,zzOLDThunderclap,2,99,0
6347,Feedback,1,20,0
6350,Attack,2,20,11
6351,Attack,3,30,11
6352,Attack,4,40,11
6353,Soul Fire,1,48,5
6360,Soothing Kiss,1,22,5
6361,zzOLDBarkskin,2,0,0
6362,Soothing Kiss,1,0,0
6363,Searing Totem,2,20,11
6364,Searing Totem,3,30,11
6365,Searing Totem,4,40,11
6367,zzOLDHealing Totem Effect,2,99,0
6368,zzOLDHealing Totem Effect,3,99,0
6369,zzOLDHealing Totem Effect,4,99,0
6370,zzOLDHealing Totem Effect,5,99,0
6371,Healing Stream,2,30,11
6372,Healing Stream,3,40,11
6373,zzOLDHealing Totem Aura,4,99,0
6374,zzOLDHealing Totem Aura,5,99,0
6375,Healing Stream Totem,2,30,11
6376,zzOLDHealing Totem,4,99,0
6377,Healing Stream Totem,3,40,11
6378,zzOLDHealing Totem,5,99,0
6379,Searing Totem,2,0,0
6380,Searing Totem,3,0,0
6381,Searing Totem,4,0,0
6383,Healing Stream Totem,2,0,0
6384,Healing Stream Totem,3,0,0
6385,Aspect of the Hawk,1,0,0
6386,Divine Spirit,2,0,0
6388,zzOLDEarthbind,2,34,0
6390,Stoneclaw Totem,2,18,11
6391,Stoneclaw Totem,3,28,11
6392,Stoneclaw Totem,4,38,11
6393,Stoneclaw Totem Effect,2,18,0
6394,Stoneclaw Totem Effect,3,28,0
6395,Stoneclaw Totem Effect,4,38,0
6397,Stoneclaw Totem Passive,2,18,0
6398,Stoneclaw Totem Passive,3,28,0
6399,Stoneclaw Totem Passive,4,38,0
6400,Stoneclaw Totem,2,0,0
6401,Stoneclaw Totem,3,0,0
6402,Stoneclaw Totem,4,0,0
6409,Cheap Shot,1,20,0
6422,Ashcrombe's Teleport,1,1,0
6434,Slice and Dice,1,6,0
6443,Pet Resistance,1,0,0
6444,Pet Resistance,2,0,0
6445,Pet Resistance,3,0,0
6446,Pet Resistance,4,0,0
6447,Pet Resistance,5,0,0
6449,Pet Resistance,1,0,0
6454,Pet Resistance,2,0,0
6455,Pet Resistance,3,0,0
6456,Pet Resistance,4,0,0
6457,Pet Resistance,5,0,0
6494,Mind Bomb,1,0,0
6507,Battle Roar,1,16,0
6513,Resist Poison,1,0,0
6514,Sharp Weapon +2,1,0,0
6515,Sharp Weapon +3,1,0,0
6516,Sharp Weapon +5,1,0,0
6542,zzOLDSpell - Reuse 6542,4,99,0
6543,Battle Shout,4,0,0
6544,zzOLDHeroic Leap,1,40,0
6546,Rend,2,10,4
6547,Rend,3,20,4
6548,Rend,4,30,4
6549,Rend,2,0,0
6550,Rend,3,0,0
6551,Rend,4,0,0
6552,Pummel,1,38,4
6553,Pummel,1,0,0
6554,Pummel,2,58,4
6555,zzOLDPummel,3,99,4
6556,Pummel,2,0,0
6557,zzOLDPummel,3,0,0
6558,Debuff,1,1,0
6559,Decisive Strike,1,0,0
6561,zzOLDSpell - Reuse 6561,3,99,0
6563,Decisive Strike,3,0,0
6564,zzOLDSavage Blow,1,99,0
6565,Savage Blow,1,0,0
6566,zzOLDSavage Blow,2,40,0
6567,Savage Blow,2,0,0
6568,zzOLDRiposte,3,99,0
6569,Riposte,3,0,0
6570,zzOLDSunder (NYI),1,99,0
6571,Sunder,1,0,0
6572,Revenge,1,14,4
6573,Revenge,1,0,0
6574,Revenge,2,24,4
6575,Revenge,2,0,0
6631,Arcane Missiles,1,0,0
6632,Arcane Missiles,2,0,0
6635,Conjure Water,1,0,0
6637,Arcane Missiles,3,0,0
6638,Conjure Water,3,0,0
6639,Conjure Water,4,0,0
6641,Conjure Food,4,0,0
6642,Frost Shield,3,0,0
6643,Frost Armor,3,0,0
6644,Frost Nova,3,0,0
6647,Fast Acting Poison,1,20,0
6651,Instant Toxin,1,24,0
6659,Healing Touch,1,0,0
6673,Battle Shout,1,1,4
6674,Battle Shout,1,0,0
6711,Pathfinding,1,25,0
6712,Eviscerate,1,0,0
6724,Light of Elune,1,20,0
6728,Enveloping Winds,1,10,0
6733,Trip,1,0,0
6734,Feint,1,0,0
6735,Kidney Shot,1,0,0
6736,Rupture,1,0,0
6737,Garrote,1,0,0
6739,zzOLDDominance Aura,3,99,0
6740,zzOLDDominance Aura,3,0,0
6756,Mark of the Wild,3,20,7
6760,Eviscerate,2,8,8
6761,Eviscerate,3,16,8
6762,Eviscerate,4,24,8
6763,Eviscerate,2,0,0
6764,Eviscerate,3,0,0
6765,Eviscerate,4,0,0
6768,Feint,2,28,8
6769,Feint,2,0,0
6770,Sap,1,10,8
6771,Sap,2,0,0
6772,Trip,2,30,0
6773,Trip,2,0,0
6774,Slice and Dice,2,42,8
6775,Slice and Dice,2,0,0
6778,Healing Touch,6,32,7
6779,Healing Touch,6,0,0
6780,Wrath,6,38,7
6781,Wrath,6,0,0
6782,Mark of the Wild,4,0,0
6783,Prowl,2,40,7
6784,Prowl,2,0,0
6785,Ravage,1,32,7
6786,Ravage,1,0,0
6787,Ravage,2,42,7
6789,Death Coil,1,42,5
6790,Ravage,2,0,0
6791,Disengage,1,0,0
6793,Tiger's Fury,2,36,0
6794,Tiger's Fury,2,0,0
6798,Bash,2,30,7
6799,Bash,2,0,0
6800,Shred,2,30,7
6801,Shred,2,0,0
6806,Wrath,1,0,0
6807,Maul,1,10,7
6808,Maul,2,18,7
6809,Maul,3,26,7
6810,Maul,1,0,0
6811,Maul,2,0,0
6812,Maul,3,0,0
6920,Hide,2,20,0
6921,Shadowhorn Charge,1,10,0
6927,Shadowstalker Slash,1,26,0
6940,Blessing of Sacrifice,1,46,10
6941,Blessing of Sacrifice,1,0,0
6949,Weak Frostbolt,1,1,0
6957,Frostmane Strength,1,1,0
6960,Lightning Barrier,1,1,0
6963,zzOLDSpell - Reuse 6963,3,16,0
6964,Echoes of Lordaeron,0,0,0
6966,Echoes of Lordaeron,0,0,0
6967,zzOLDTeach - Reuse 6967,6,0,0
6969,Free Master,2,40,0
6970,Free Master,2,0,0
6975,zzOLDQuick Shot,2,99,0
6976,zzOLDQuick Shot,3,99,0
6977,zzOLDQuick Shot,4,99,0
6978,Quick Shot,4,0,0
6979,Fire Shot,2,24,0
6980,Fire Shot,3,36,0
6981,Fire Shot,2,0,0
6983,Fire Shot,3,0,0
6984,Frost Shot,2,28,0
6985,Frost Shot,3,40,0
6986,Frost Shot,2,0,0
6987,Frost Shot,3,0,0
6992,Stalking,2,0,0
6993,Feinting Strike,1,0,0
6994,zzOLDFeinting Strike,2,28,0
6995,Feinting Strike,2,0,0
6996,zzOLDExplosive Shot,2,99,0
6997,Explosive Shot,2,0,0
6999,Multi-Shot,2,0,0
7001,Lightwell Renew,1,40,0
7027,zzOLDSniper Shot,2,99,0
7028,zzOLDSniper Shot,3,99,0
7029,zzOLDSniper Shot,4,99,0
7030,Sniper Shot,2,0,0
7031,Sniper Shot,3,0,0
7032,Sniper Shot,4,0,0
7101,Flame Blast,3,17,0
7105,Fake Shot,1,1,0
7108,Moist Towelette,1,20,0
7128,Inner Fire,2,20,6
7129,Inner Fire,2,0,0
7130,Inner Fire,2,0,0
7137,Shadow Charge,1,10,0
7162,First Aid,1,40,0
7165,Battle Stance,1,4,0
7178,Water Breathing,1,18,13
7198,Meditation,5,35,0
7199,Meditation,5,0,0
7200,Regeneration,5,35,0
7201,Regeneration,5,0,0
7203,Sneaky,6,1,0
7204,Sneaky,7,1,0
7205,Sneaky,8,1,0
7206,Sneaky,9,1,0
7207,Sneaky,6,0,0
7208,Sneaky,7,0,0
7209,Sneaky,8,0,0
7210,Sneaky,9,0,0
7212,Perceptive,6,0,0
7230,Fire Protection,1,0,13
7231,Fire Protection,2,0,13
7232,Fire Protection,3,0,13
7233,Fire Protection,4,0,13
7234,Fire Protection,5,0,13
7235,Shadow Protection ,1,0,13
7236,Frost Protection,2,0,13
7237,Frost Protection,4,0,13
7238,Frost Protection,3,0,13
7239,Frost Protection,5,0,13
7240,Frost Protection,1,0,13
7241,Shadow Protection ,2,0,13
7242,Shadow Protection ,3,0,13
7243,Shadow Protection ,4,0,13
7244,Shadow Protection ,5,0,13
7245,Holy Protection ,1,0,13
7246,Holy Protection ,2,0,13
7247,Holy Protection ,3,0,13
7248,Holy Protection ,4,0,13
7249,Holy Protection ,5,0,13
7250,Nature Protection ,1,0,13
7251,Nature Protection ,2,0,13
7252,Nature Protection ,3,0,13
7253,Nature Protection ,4,0,13
7254,Nature Protection ,5,0,13
7268,Arcane Missile,1,8,3
7269,Arcane Missiles,2,16,3
7270,Arcane Missiles,3,24,3
7273,Lightning Hide,1,1,0
7288,Immolate Cumulative (TEST),1,1,0
7290,Soul Siphon,1,1,0
7294,Retribution Aura,1,16,10
7296,Retribution Aura,1,0,0
7297,Crusader Strike,1,0,0
7300,Frost Armor,2,10,3
7301,Frost Armor,3,20,3
7302,Ice Armor,1,30,3
7320,Ice Armor,2,40,3
7321,Chilled,1,30,3
7322,Frostbolt,4,20,3
7323,Frostbolt,4,0,0
7324,Frostbolt,4,0,0
7325,zzOLDWisdom Aura,1,99,0
7326,Wisdom Aura,1,0,0
7327,Seal of Wisdom,1,0,0
7328,Redemption,1,12,0
7329,Redemption,1,0,0
7330,Resurrection,1,0,0
7331,Healing Aura (TEST),1,4,0
7342,Wide Slash,1,10,0
7363,Fire's Glow,1,1,0
7366,Berserker Stance,1,30,0
7369,Cleave,2,30,4
7370,Charge,1,1,0
7371,Charge,1,1,0
7372,Hamstring,2,32,4
7373,Hamstring,3,54,4
7374,Hamstring,2,0,0
7375,Hamstring,3,0,0
7377,zzOLDSpell - Reuse 7377,4,99,0
7378,Mind Flay,2,0,0
7379,Revenge,3,34,4
7380,Revenge,3,0,0
7382,Mocking Blow,1,0,0
7384,Overpower,1,12,4
7385,Overpower,1,0,0
7386,Sunder Armor,1,10,4
7390,zzOLDTaunt,2,99,4
7391,zzOLDTaunt,3,99,4
7394,Spinning Slash,1,10,0
7400,Mocking Blow,2,26,4
7401,Mocking Blow,2,0,0
7402,Mocking Blow,3,36,4
7403,Mocking Blow,3,0,0
7404,Sunder Armor,1,0,0
7405,Sunder Armor,2,22,4
7406,Sunder Armor,2,0,0
7407,Test Sharpen Blade,1,5,0
7641,Shadow Bolt,6,36,5
7642,Shadow Bolt,6,0,0
7646,Curse of Weakness,4,32,5
7647,Curse of Weakness,4,0,0
7648,Corruption,4,34,5
7649,Corruption,4,0,0
7650,Curse of Recklessness,1,0,0
7651,Drain Life,4,38,5
7652,Drain Life,4,0,0
7653,Drain Life,4,0,0
7658,Curse of Recklessness,2,28,5
7659,Curse of Recklessness,3,42,5
7660,Curse of Recklessness,2,0,0
7661,Curse of Recklessness,3,0,0
7662,Drain Soul,1,0,0
7664,Banish,1,0,0
7665,Enslave Demon,1,0,0
7666,Curse of the Elements,1,0,0
7728,Summon Voidwalker,1,1,0
7729,Summon Succubus,1,1,0
7764,Wisdom of Agamaggan,1,1,0
7799,Firebolt,2,8,5
7800,Firebolt,3,18,5
7801,Firebolt,4,28,5
7802,Firebolt,5,38,5
7804,Blood Pact,2,14,5
7805,Blood Pact,3,26,5
7806,Flameblade,1,15,0
7807,Flameblade,2,25,0
7808,Flameblade,3,35,0
7809,Torment,2,20,5
7810,Torment,3,30,5
7811,Torment,4,40,5
7812,Sacrifice,1,16,5
7813,Soothing Kiss,2,34,5
7814,Lash of Pain,1,20,5
7815,Lash of Pain,2,28,5
7816,Lash of Pain,3,36,5
7829,Flameblade,1,0,0
7832,Firebolt,2,0,0
7833,Firebolt,3,0,0
7834,Firebolt,4,0,0
7835,Firebolt,5,0,0
7871,Blood Pact,1,0,0
7872,Blood Pact,2,0,0
7873,Blood Pact,3,0,0
7874,Flameblade,2,0,0
7875,Flameblade,3,0,0
7876,Lash of Pain,1,0,0
7877,Lash of Pain,2,0,0
7878,Lash of Pain,3,0,0
7879,Soothing Kiss,2,0,0
7881,Torment,1,0,0
7882,Torment,2,0,0
7883,Torment,3,0,0
7884,Torment,4,0,0
7885,Sacrifice,1,0,0
7886,Firebolt,1,0,0
7887,Overpower,2,28,4
7889,Overpower,2,0,0
7926,First Aid,5,0,0
7927,First Aid,6,0,0
7932,Anti-Venom,1,0,0
7933,Strong Anti-Venom,1,0,0
7939,Sneak,1,1,0
7960,Scry on Azrethoc,1,4,0
7974,Azrethoc's Flight,1,40,0
8000,Area Burn,1,27,0
8004,Lesser Healing Wave,1,20,11
8005,Healing Wave,7,40,11
8006,Healing Wave,7,0,0
8007,Lesser Healing Wave,1,0,0
8008,Lesser Healing Wave,2,28,11
8009,Lesser Healing Wave,2,0,0
8010,Lesser Healing Wave,3,36,11
8011,Lesser Healing Wave,3,0,0
8012,Purge,2,32,11
8013,Purge,2,0,0
8017,Rockbiter Weapon,1,1,0
8018,Rockbiter Weapon,2,8,0
8019,Rockbiter Weapon,3,16,0
8020,Rockbiter Weapon,1,0,0
8021,Rockbiter Weapon,2,0,0
8022,Rockbiter Weapon,3,0,0
8024,Flametongue Weapon,1,10,0
8025,Flametongue Weapon,1,0,0
8026,Flametongue Weapon Proc,1,10,11
8027,Flametongue Weapon,2,18,0
8028,Flametongue Weapon Proc,2,18,11
8029,Flametongue Weapon Proc,3,26,11
8030,Flametongue Weapon,3,26,0
8031,Flametongue Weapon,2,0,0
8032,Flametongue Weapon,3,0,0
8033,Frostbrand Weapon,1,20,0
8034,Frostbrand Attack,1,20,11
8035,Frostbrand Weapon,1,0,0
8037,Frostbrand Attack,2,28,11
8038,Frostbrand Weapon,2,28,0
8039,Frostbrand Weapon,2,0,0
8042,Earth Shock,1,4,11
8043,Earth Shock,1,0,0
8044,Earth Shock,2,8,11
8045,Earth Shock,3,14,11
8046,Earth Shock,4,24,11
8047,Earth Shock,2,0,0
8048,Earth Shock,3,0,0
8049,Earth Shock,4,0,0
8050,Flame Shock,1,10,11
8051,Flame Shock,1,0,0
8052,Flame Shock,2,18,11
8053,Flame Shock,3,28,11
8054,Flame Shock,2,0,0
8055,Flame Shock,3,0,0
8056,Frost Shock,1,20,11
8057,Frost Shock,1,0,0
8058,Frost Shock,2,34,11
8059,Frost Shock,2,0,0
8060,zzOLDLightning Shock,1,99,0
8061,Lightning Shock,1,0,0
8065,Invigorate,2,22,0
8070,Rejuvenation,1,20,0
8071,Stoneskin Totem,1,4,11
8072,Stoneskin,1,4,11
8073,Stoneskin Totem,1,0,0
8075,Strength of Earth Totem,1,10,11
8076,Strength of Earth,1,10,11
8077,Strength of Earth Totem,1,0,0
8086,Fire Nova Totem,1,0,0
8091,Armor,1,10,0
8092,Mind Blast,1,10,6
8093,Mind Blast,1,0,0
8094,Armor,2,25,0
8095,Armor,3,40,0
8096,Intellect,1,15,0
8097,Intellect,2,30,0
8098,Intellect,3,45,0
8102,Mind Blast,2,16,6
8103,Mind Blast,3,22,6
8104,Mind Blast,4,28,6
8105,Mind Blast,5,34,6
8106,Mind Blast,6,40,6
8107,Mind Blast,2,0,0
8108,Mind Blast,3,0,0
8109,Mind Blast,4,0,0
8110,Mind Blast,5,0,0
8111,Mind Blast,6,0,0
8112,Spirit,1,10,0
8113,Spirit,2,25,0
8114,Spirit,3,40,0
8115,Agility,1,20,0
8116,Agility,2,35,0
8117,Agility,3,50,0
8118,Strength,1,20,0
8119,Strength,2,35,0
8120,Strength,3,50,0
8121,Path of Defense,1,0,0
8122,Psychic Scream,1,14,6
8123,Psychic Scream,1,0,0
8124,Psychic Scream,2,28,6
8125,Psychic Scream,2,0,0
8126,Mind Soothe,1,0,0
8127,zzOLDBrainwash,1,99,0
8129,Mana Burn,1,24,6
8130,Mana Burn,1,0,0
8131,Mana Burn,2,32,6
8132,Mana Burn,2,0,0
8133,Taunt,1,0,0
8134,Lightning Shield,5,40,11
8135,Lightning Shield,5,0,0
8140,Befuddlement,1,24,0
8147,Thunderclap,1,20,0
8150,Thundercrack,1,20,0
8151,Surprise Attack,1,13,0
8152,Prowl,1,1,0
8154,Stoneskin Totem,2,14,11
8155,Stoneskin Totem,3,24,11
8156,Stoneskin,2,14,11
8157,Stoneskin,3,24,11
8158,Stoneskin Totem,2,0,0
8159,Stoneskin Totem,3,0,0
8160,Strength of Earth Totem,2,24,11
8161,Strength of Earth Totem,3,38,11
8162,Strength of Earth,2,24,11
8163,Strength of Earth,3,38,11
8164,Strength of Earth Totem,2,0,0
8165,Strength of Earth Totem,3,0,0
8178,Grounding Totem Effect,1,30,11
8181,Frost Resistance Totem,1,24,11
8182,Frost Resistance,1,24,11
8183,Frost Resistance Totem,1,0,0
8184,Fire Resistance Totem,1,28,11
8185,Fire Resistance,1,28,11
8186,Fire Resistance Totem,1,0,0
8187,Magma Totem,1,26,11
8188,Magma Totem Passive,1,26,0
8189,Magma Totem,1,0,0
8190,Magma Totem,1,26,11
8191,Zeal,1,60,0
8192,Mind Soothe,2,36,6
8193,Mind Soothe,2,0,0
8194,zzOLDBrainwash,2,99,0
8198,Thunder Clap,2,18,4
8199,zzOLDStoneskin Totem,1,0,0
8200,zzOLDSearing Totem,1,0,0
8201,zzOLDHealing Stream Totem,1,0,0
8204,Thunder Clap,3,28,4
8205,Thunder Clap,4,38,4
8206,Thunder Clap,3,0,0
8207,Thunder Clap,4,0,0
8211,Chain Burn,1,26,0
8216,zzOLDStealth,1,1,0
8227,Flametongue Totem,1,28,11
8229,Flametongue Totem Passive,1,28,0
8230,Flametongue Totem Effect,1,28,11
8231,Flametongue Totem,1,0,0
8232,Windfury Weapon,1,30,11
8233,Windfury Weapon,1,30,11
8234,Windfury Weapon,1,0,0
8235,Windfury Weapon,2,40,11
8236,Windfury Weapon,2,40,11
8237,Windfury Weapon,2,0,0
8246,Lightning Bolt,4,26,0
8248,Flametongue Totem Proc,2,38,11
8249,Flametongue Totem,2,38,11
8250,Flametongue Totem Effect,2,38,11
8251,Flametongue Totem Passive,2,38,0
8252,Flametongue Totem,2,0,0
8253,Flametongue Totem Proc,1,28,11
8255,Strong Cleave,4,36,0
8260,Rushing Charge,1,1,0
8262,Elemental Protection Totem,1,28,0
8263,Elemental Protection Totem Aura,1,20,0
8264,Lava Spout Totem,1,26,0
8265,Lava Spout Totem,1,26,0
8266,Lava Spout Totem Passive,1,40,0
8277,Voodoo Hex,1,4,0
8288,Drain Soul,2,24,5
8289,Drain Soul,3,38,5
8290,Drain Soul,2,0,0
8291,Drain Soul,3,0,0
8292,Chain Bolt,1,30,0
8316,Fire Shield,2,24,5
8317,Fire Shield,3,34,5
8318,Fire Shield,2,0,0
8319,Fire Shield,3,0,0
8348,Julie's Blessing,1,50,0
8349,Fire Nova,1,12,11
8350,Fire Nova,1,12,0
8351,Fire Nova,1,12,0
8380,Sunder Armor,3,34,4
8381,Sunder Armor,3,0,0
8387,Find Herbs,2,0,0
8388,Find Minerals,2,1,0
8389,Find Minerals,2,0,0
8390,Find Herbs,2,0,0
8397,Uther's Light,1,35,0
8400,Fireball,5,24,3
8401,Fireball,6,30,3
8402,Fireball,7,36,3
8403,Fireball,5,0,0
8404,Fireball,6,0,0
8405,Fireball,7,0,0
8406,Frostbolt,5,26,3
8407,Frostbolt,6,32,3
8408,Frostbolt,7,38,3
8409,Frostbolt,5,0,0
8410,Frostbolt,6,0,0
8411,Frostbolt,7,0,0
8412,Fire Blast,4,30,3
8413,Fire Blast,5,38,3
8414,Fire Blast,4,0,0
8415,Fire Blast,5,0,0
8416,Arcane Missiles,4,32,3
8417,Arcane Missiles,5,40,3
8418,Arcane Missiles,5,40,3
8419,Arcane Missiles,4,32,3
8420,Arcane Missiles,4,0,0
8421,Arcane Missiles,5,0,0
8422,Flamestrike,3,32,3
8423,Flamestrike,4,40,3
8425,Flamestrike,3,0,0
8426,Flamestrike,4,0,0
8427,Blizzard,3,36,3
8428,Blizzard,3,0,0
8429,zzOLDMinor Phantasm,1,99,0
8435,Forked Lightning,1,1,0
8437,Arcane Explosion,2,22,3
8438,Arcane Explosion,3,30,3
8439,Arcane Explosion,4,38,3
8440,Arcane Explosion,2,0,0
8441,Arcane Explosion,3,0,0
8442,Arcane Explosion,4,0,0
8443,Fire Nova,1,12,11
8444,Scorch,2,28,3
8445,Scorch,3,34,3
8446,Scorch,4,40,3
8447,Scorch,2,0,0
8448,Scorch,3,0,0
8449,Scorch,4,0,0
8450,Dampen Magic,2,24,3
8451,Dampen Magic,3,36,3
8452,Dampen Magic,2,0,0
8453,Dampen Magic,3,0,0
8455,Amplify Magic,2,30,3
8456,Amplify Magic,2,0,0
8457,Fire Ward,2,30,3
8458,Fire Ward,3,40,3
8459,Fire Ward,2,0,0
8460,Fire Ward,3,0,0
8461,Frost Ward,2,32,3
8462,Frost Ward,3,42,3
8463,Frost Ward,2,0,0
8464,Frost Ward,3,0,0
8479,zzOLDLesser Phantasm,2,99,0
8480,zzOLDPhantasm,3,99,0
8481,zzOLDGreater Phantasm,4,99,0
8482,zzOLDLesser Phantasm,2,0,0
8484,zzOLDPhantasm,3,0,0
8485,zzOLDGreater Phantasm,4,0,0
8486,zzOLDDamage Shield,2,22,0
8487,zzOLDDamage Shield,3,30,0
8488,zzOLDDamage Shield,4,30,0
8492,Cone of Cold,2,34,3
8493,Cone of Cold,2,0,0
8494,Mana Shield,2,28,3
8495,Mana Shield,3,36,3
8496,Mana Shield,2,0,0
8497,Mana Shield,3,0,0
8498,Fire Nova Totem,2,22,11
8499,Fire Nova Totem,3,32,11
8500,Fire Nova Totem,2,0,0
8501,Fire Nova Totem,3,0,0
8502,Fire Nova,2,22,11
8503,Fire Nova,3,32,11
8504,Fire Nova,2,22,11
8505,Fire Nova,3,32,11
8506,Fire Nova,2,22,0
8507,Fire Nova,3,32,0
8508,Fire Nova,2,22,0
8509,Fire Nova,3,32,0
8512,Windfury Totem,1,32,11
8513,Windfury Totem,1,0,0
8514,Windfury Totem Effect,1,32,11
8515,Windfury Totem Passive,1,32,0
8516,Windfury Totem,1,32,11
8593,Symbol of Life,1,12,0
8596,Heal Visual (DND),1,1,0
8598,Lightning Blast,3,18,0
8616,Path of the Berserker,1,0,0
8621,Sinister Strike,6,38,8
8622,Sinister Strike,6,0,0
8623,Eviscerate,5,32,8
8624,Eviscerate,6,40,8
8625,Eviscerate,5,0,0
8626,Eviscerate,6,0,0
8627,Backstab (TEST),1,4,0
8629,Gouge,3,32,8
8630,Gouge,3,0,0
8631,Garrote,2,22,8
8632,Garrote,3,30,8
8633,Garrote,4,38,8
8634,Garrote,2,0,0
8635,Garrote,3,0,0
8636,Garrote,4,0,0
8637,Feint,3,40,8
8638,Feint,3,0,0
8639,Rupture,2,28,8
8640,Rupture,3,36,8
8641,Rupture,2,0,0
8642,Rupture,3,0,0
8643,Kidney Shot,2,50,8
8644,Kidney Shot,2,0,0
8647,Expose Armor,1,14,8
8648,Expose Armor,1,0,0
8649,Expose Armor,2,26,8
8650,Expose Armor,3,36,8
8651,Expose Armor,2,0,0
8652,Expose Armor,3,0,0
8674,Summon Succubus,1,1,0
8676,Ambush,1,18,8
8678,Ambush,1,0,0
8679,Instant Poison,1,20,8
8680,Instant Poison,1,20,8
8681,Instant Poison,1,20,0
8682,Fake Shot,1,20,0
8685,Instant Poison II,2,28,8
8686,Instant Poison II,2,28,8
8687,Instant Poison II,2,28,0
8688,Instant Poison III,3,36,8
8689,Instant Poison III,3,36,8
8691,Instant Poison III,3,36,0
8692,Mind-numbing Poison II,2,38,8
8693,Mind-numbing Poison II,2,38,8
8694,Mind-numbing Poison II,2,38,0
8695,Mind-numbing Poison,2,0,0
8696,Sprint,2,34,8
8697,Sprint,2,0,0
8700,Instant Poison,1,0,0
8701,Instant Poison,2,0,0
8712,Summon Felhunter,1,1,0
8721,Backstab,5,36,8
8723,Backstab,5,0,0
8724,Ambush,2,26,8
8725,Ambush,3,34,8
8727,Ambush,2,0,0
8728,Ambush,3,0,0
8736,Conjure Food,1,15,0
8788,Lightning Shield,4,32,0
8810,Instant Poison,3,0,0
8812,Heal,4,34,0
8818,Garrote,4,38,0
8820,Slam,2,38,4
8821,Slam,2,0,0
8823,Crusader Strike,2,99,0
8824,Crusader Strike,3,99,0
8825,Crusader Strike,2,0,0
8826,Crusader Strike,3,0,0
8835,Grace of Air Totem,1,42,11
8836,Grace of Air,1,42,11
8837,Grace of Air Totem,1,0,0
8874,Stealth (TEST),1,1,0
8879,zzOLDDONOTREUSE,3,40,0
8903,Healing Touch,7,38,7
8904,Healing Touch,7,0,0
8905,Wrath,7,46,7
8906,Wrath,7,0,0
8907,Mark of the Wild,5,40,7
8908,Mark of the Wild,5,0,0
8910,Rejuvenation,7,40,7
8911,Rejuvenation,7,0,0
8914,Thorns,4,34,7
8915,Thorns,4,0,0
8918,Tranquility,2,40,7
8920,Tranquility,2,0,0
8921,Moonfire,1,4,7
8922,Moonfire,1,0,0
8924,Moonfire,2,10,7
8925,Moonfire,3,16,7
8926,Moonfire,4,22,7
8927,Moonfire,5,28,7
8928,Moonfire,6,34,7
8929,Moonfire,7,40,7
8930,Moonfire,2,0,0
8931,Moonfire,3,0,0
8932,Moonfire,4,0,0
8933,Moonfire,5,0,0
8934,Moonfire,6,0,0
8935,Moonfire,7,0,0
8936,Regrowth,1,12,7
8937,Regrowth,1,0,0
8938,Regrowth,2,18,7
8939,Regrowth,3,24,7
8940,Regrowth,4,30,7
8941,Regrowth,5,36,7
8942,Regrowth,2,0,0
8943,Regrowth,3,0,0
8944,Regrowth,4,0,0
8945,Regrowth,5,0,0
8949,Starfire,2,26,7
8950,Starfire,3,34,7
8951,Starfire,4,42,7
8952,Starfire,2,0,0
8953,Starfire,3,0,0
8954,Starfire,4,0,0
8955,Soothe Animal,2,38,7
8956,Soothe Animal,2,0,0
8972,Maul,4,34,7
8973,Maul,4,0,0
8974,zzOLDGrowl,2,99,0
8975,zzOLDGrowl,3,99,0
8976,zzOLDGrowl,4,99,0
8977,zzOLDGrowl,2,0,0
8978,zzOLDGrowl,3,0,0
8979,zzOLDGrowl,4,0,0
8983,Bash,3,46,7
8984,Bash,3,0,0
8988,Silence,1,30,0
8989,Whirlwind,1,36,0
8990,Retribution Aura,1,18,0
8992,Shred,3,38,7
8993,Shred,3,0,0
8995,Shoot,1,1,0
8996,Shoot,1,1,0
8997,Shoot,1,1,0
8998,Cower,1,28,0
8999,Cower,1,0,0
9000,Cower,2,40,0
9001,Cower,2,0,0
9005,Pounce,1,36,7
9006,Pounce,1,0,0
9007,Pounce Bleed,1,36,0
9008,Shoot,1,1,0
9035,Hex of Weakness,1,10,6
9057,Firebolt,1,24,0
9132,Increased Critical 1,1,0,0
9200,Create Sapta,1,1,0
9221,Summon Voidwalker,1,1,0
9222,Summon Voidwalker,1,1,0
9223,Summon Succubus,1,1,0
9224,Summon Succubus,1,1,0
9234,Armor Debuff (TEST),1,10,0
9257,Lay on Hands,2,30,0
9433,Arcane Explosion,4,38,0
9452,Vindication,1,0,0
9453,Unyielding Faith,1,0,0
9472,Flash Heal,2,26,6
9473,Flash Heal,3,32,6
9474,Flash Heal,4,38,6
9475,Flash Heal,2,0,0
9476,Flash Heal,3,0,0
9477,Flash Heal,4,0,0
9481,Holy Smite,6,40,0
9484,Shackle Undead,1,20,6
9485,Shackle Undead,2,40,6
9486,Shackle Undead,2,0,0
9490,Demoralizing Roar,3,32,7
9491,Demoralizing Roar,3,0,0
9492,Rip,2,28,7
9493,Rip,3,36,7
9494,Rip,2,0,0
9495,Rip,3,0,0
9578,Fade,2,20,6
9579,Fade,3,30,6
9580,Fade,2,0,0
9581,Fade,3,0,0
9592,Fade,4,40,6
9593,Fade,4,0,0
9632,Bladestorm,1,1,0
9633,Whirlwind,1,36,0
9733,Arantir's Anger,1,36,0
9736,Arantir's Deception,1,22,0
9737,Arantir's Anger Effect,1,1,0
9740,Arantir's Deception,1,22,0
9741,Arantir's Rage,1,26,0
9745,Maul,5,42,7
9746,Maul,5,0,0
9747,Demoralizing Roar,4,42,7
9748,Demoralizing Roar,4,0,0
9749,Faerie Fire,3,42,7
9750,Regrowth,6,42,7
9751,Regrowth,6,0,0
9752,Rip,4,44,7
9753,Rip,4,0,0
9754,Swipe,4,44,7
9755,Swipe,4,0,0
9756,Thorns,5,44,7
9757,Thorns,5,0,0
9758,Healing Touch,8,44,7
9759,Healing Touch,8,0,0
9799,Eye for an Eye,1,0,0
9821,Dash,2,46,0
9822,Dash,2,0,0
9823,Pounce,2,46,7
9824,Pounce Bleed,2,46,0
9825,Pounce,2,0,0
9826,Pounce Bleed,3,56,0
9827,Pounce,3,56,7
9828,Pounce,3,0,0
9829,Shred,4,46,7
9830,Shred,5,54,7
9831,Shred,4,0,0
9832,Shred,5,0,0
9833,Moonfire,8,46,7
9834,Moonfire,9,52,7
9835,Moonfire,10,58,7
9836,Moonfire,8,0,0
9837,Moonfire,9,0,0
9838,Moonfire,10,0,0
9839,Rejuvenation,8,46,7
9840,Rejuvenation,9,52,7
9841,Rejuvenation,10,58,7
9842,Rejuvenation,8,0,0
9843,Rejuvenation,9,0,0
9844,Rejuvenation,10,0,0
9845,Tiger's Fury,3,48,0
9846,Tiger's Fury,4,60,0
9847,Tiger's Fury,3,0,0
9848,Tiger's Fury,4,0,0
9849,Claw,4,48,7
9850,Claw,5,58,7
9851,Claw,5,0,0
9852,Entangling Roots,5,48,7
9853,Entangling Roots,6,58,7
9854,Entangling Roots,5,0,0
9855,Entangling Roots,6,0,0
9856,Regrowth,7,48,7
9857,Regrowth,8,54,7
9858,Regrowth,9,60,7
9859,Regrowth,7,0,0
9860,Regrowth,8,0,0
9861,Regrowth,9,0,0
9862,Tranquility,3,50,7
9863,Tranquility,4,60,7
9864,Tranquility,3,0,0
9865,Tranquility,4,0,0
9866,Ravage,3,50,7
9867,Ravage,4,58,7
9868,Ravage,3,0,0
9869,Ravage,4,0,0
9870,zzOLDGrowl,5,99,0
9871,zzOLDGrowl,6,99,0
9872,zzOLDGrowl,5,0,0
9873,zzOLDGrowl,6,0,0
9875,Starfire,5,50,7
9876,Starfire,6,58,7
9877,Starfire,5,0,0
9878,Starfire,6,0,0
9880,Maul,6,50,7
9881,Maul,7,58,7
9882,Maul,6,0,0
9883,Maul,7,0,0
9884,Mark of the Wild,6,50,7
9885,Mark of the Wild,7,60,7
9886,Mark of the Wild,6,0,0
9887,Mark of the Wild,7,0,0
9888,Healing Touch,9,50,7
9889,Healing Touch,10,56,7
9890,Healing Touch,9,0,0
9891,Healing Touch,10,0,0
9892,Cower,3,52,0
9893,Cower,3,0,0
9894,Rip,5,52,7
9895,Rip,5,0,0
9896,Rip,6,60,7
9897,Rip,6,0,0
9898,Demoralizing Roar,5,52,7
9899,Demoralizing Roar,5,0,0
9901,Soothe Animal,3,54,7
9902,Soothe Animal,3,0,0
9904,Rake,4,54,7
9905,Rake,4,0,0
9907,Faerie Fire,4,54,7
9908,Swipe,5,54,7
9909,Swipe,5,0,0
9910,Thorns,6,54,7
9911,Wrath,8,0,0
9912,Wrath,8,54,7
9913,Prowl,3,60,7
9914,Prowl,3,0,0
9915,Frost Nova,3,40,0
9976,Polly Eats the E.C.A.C.,1,1,0
10017,Frost Hold,3,1,0
10018,Rat Nova,3,1,0
10052,Replenish Mana,2,38,0
10057,Replenish Mana,3,48,0
10058,Replenish Mana,4,58,0
10138,Conjure Water,5,40,3
10139,Conjure Water,6,50,3
10140,Conjure Water,7,60,3
10141,Conjure Water,5,0,0
10142,Conjure Water,6,0,0
10143,Conjure Water,7,0,0
10144,Conjure Food,5,42,3
10145,Conjure Food,6,52,3
10146,Conjure Food,5,0,0
10147,Conjure Food,6,0,0
10148,Fireball,8,42,3
10149,Fireball,9,48,3
10150,Fireball,10,54,3
10151,Fireball,11,60,3
10152,Fireball,8,0,0
10153,Fireball,9,0,0
10154,Fireball,10,0,0
10155,Fireball,11,0,0
10156,Arcane Intellect,4,42,3
10157,Arcane Intellect,5,56,3
10158,Arcane Intellect,5,0,0
10159,Cone of Cold,3,42,3
10160,Cone of Cold,4,50,3
10161,Cone of Cold,5,58,3
10162,Cone of Cold,3,0,0
10163,Cone of Cold,4,0,0
10164,Cone of Cold,5,0,0
10165,Khadgar's Unlocking,3,42,3
10166,Khadgar's Unlocking,4,54,3
10167,zzOLDKhadgar's Unlocking,3,0,0
10168,zzOLDKhadgar's Unlocking,4,0,0
10169,Amplify Magic,3,42,3
10170,Amplify Magic,4,54,3
10171,Amplify Magic,3,0,0
10172,Amplify Magic,4,0,0
10173,Dampen Magic,4,48,3
10174,Dampen Magic,5,60,3
10175,Dampen Magic,4,0,0
10176,Dampen Magic,5,0,0
10177,Frost Ward,4,52,3
10178,Frost Ward,4,0,0
10179,Frostbolt,8,44,3
10180,Frostbolt,9,50,3
10181,Frostbolt,10,56,3
10182,Frostbolt,8,0,0
10183,Frostbolt,9,0,0
10184,Frostbolt,10,0,0
10185,Blizzard,4,44,3
10186,Blizzard,5,52,3
10187,Blizzard,6,60,3
10188,Blizzard,4,0,0
10189,Blizzard,5,0,0
10190,Blizzard,6,0,0
10191,Mana Shield,4,44,3
10192,Mana Shield,5,52,3
10193,Mana Shield,6,60,3
10194,Mana Shield,4,0,0
10195,Mana Shield,5,0,0
10196,Mana Shield,6,0,0
10197,Fire Blast,6,46,3
10198,Fire Blast,6,0,0
10199,Fire Blast,7,54,3
10200,Fire Blast,7,0,0
10201,Arcane Explosion,5,46,3
10202,Arcane Explosion,6,54,3
10203,Arcane Explosion,5,0,0
10204,Arcane Explosion,6,0,0
10205,Scorch,5,46,3
10206,Scorch,6,52,3
10207,Scorch,7,58,3
10208,Scorch,5,0,0
10209,Scorch,6,0,0
10210,Scorch,7,0,0
10211,Arcane Missiles,6,48,3
10212,Arcane Missiles,7,56,3
10213,Arcane Missiles,6,0,0
10214,Arcane Missiles,7,0,0
10215,Flamestrike,5,48,3
10216,Flamestrike,6,56,3
10217,Flamestrike,5,0,0
10218,Flamestrike,6,0,0
10219,Ice Armor,3,50,3
10220,Ice Armor,4,60,3
10221,Ice Armor,3,0,0
10222,Ice Armor,4,0,0
10223,Fire Ward,4,50,3
10224,Fire Ward,4,0,0
10225,Fire Ward,5,60,3
10226,Fire Ward,5,0,0
10230,Frost Nova,4,54,3
10231,Frost Nova,4,0,0
10232,zzOLDBlink,3,99,3
10233,zzOLDBlink,3,0,0
10234,zzOLDSleep,4,60,3
10235,zzOLDSleep,4,0,0
10269,zzOLDDominance Aura,4,99,0
10270,zzOLDDominance Aura,5,99,0
10271,zzOLDDominance Aura,4,0,0
10272,zzOLDDominance Aura,5,0,0
10273,Arcane Missiles,6,48,3
10274,Arcane Missiles,7,56,3
10275,zzOLDWisdom Aura,4,99,0
10276,Wisdom Aura,4,0,0
10278,Blessing of Protection,3,38,10
10279,Blessing of Protection,3,0,0
10280,zzOLDBlessing of Righteousness,4,99,0
10281,zzOLDBlessing of Righteousness,5,99,0
10282,zzOLDBlessing of Righteousness,4,0,0
10283,zzOLDBlessing of Righteousness,5,0,0
10284,zzOLDHealing Aura,4,99,0
10285,zzOLDHealing Aura,5,99,0
10286,zzOLDHealing Aura,6,99,0
10287,zzOLDHealing Aura,4,0,0
10288,zzOLDHealing Aura,5,0,0
10289,zzOLDHealing Aura,6,0,0
10290,Devotion Aura,2,10,10
10291,Devotion Aura,4,30,10
10292,Devotion Aura,6,50,10
10293,Devotion Aura,7,60,10
10294,Devotion Aura,2,0,0
10295,Devotion Aura,4,0,0
10296,Devotion Aura,6,0,0
10297,Devotion Aura,7,0,0
10298,Retribution Aura,2,26,10
10299,Retribution Aura,3,36,10
10300,Retribution Aura,4,46,10
10301,Retribution Aura,5,56,10
10302,Retribution Aura,2,0,0
10303,Retribution Aura,3,0,0
10304,Retribution Aura,4,0,0
10305,Retribution Aura,5,0,0
10306,zzOLDResistance Aura,3,99,0
10307,zzOLDResistance Aura,3,0,0
10308,Hammer of Justice,4,54,10
10309,Hammer of Justice,4,0,0
10310,Lay on Hands,3,50,10
10311,Lay on Hands,3,0,0
10312,Exorcism,4,44,0
10313,Exorcism,5,52,0
10314,Exorcism,6,60,0
10315,Exorcism,4,0,0
10316,Exorcism,5,0,0
10317,Exorcism,6,0,0
10318,Holy Wrath,2,60,0
10319,zzOLDJudgement,3,99,0
10320,Holy Wrath,2,0,0
10322,Redemption,2,24,0
10323,Redemption,2,0,0
10324,Redemption,3,36,0
10325,Redemption,3,0,0
10326,Turn Undead,3,52,0
10327,Turn Undead,3,0,0
10328,Holy Light,7,46,10
10329,Holy Light,8,54,10
10330,Holy Light,7,0,0
10331,Holy Light,8,0,0
10332,zzOLDHoly Strike,7,99,0
10333,zzOLDHoly Strike,8,99,0
10334,zzOLDHoly Strike,7,0,0
10335,zzOLDHoly Strike,8,0,0
10336,Crusader Strike,4,99,0
10337,Crusader Strike,5,99,0
10338,Crusader Strike,4,0,0
10339,Crusader Strike,5,0,0
10343,Thorns,6,0,0
10368,Uther's Light Effect,1,30,0
10391,Lightning Bolt,7,38,11
10392,Lightning Bolt,8,44,11
10393,Lightning Bolt,7,0,0
10394,Lightning Bolt,8,0,0
10395,Healing Wave,8,48,11
10396,Healing Wave,9,56,11
10397,Healing Wave,8,0,0
10398,Healing Wave,9,0,0
10399,Rockbiter Weapon,4,24,0
10400,Rockbiter Weapon (Passive),1,1,11
10401,Rockbiter Weapon,4,0,0
10402,Rockbiter Weapon,5,0,0
10403,Stoneskin,4,34,11
10404,Stoneskin,5,44,11
10405,Stoneskin,6,54,11
10406,Stoneskin Totem,4,34,11
10407,Stoneskin Totem,5,44,11
10408,Stoneskin Totem,6,54,11
10409,Stoneskin Totem,4,0,0
10410,Stoneskin Totem,5,0,0
10411,Stoneskin Totem,6,0,0
10412,Earth Shock,5,36,11
10413,Earth Shock,6,48,11
10414,Earth Shock,7,60,11
10415,Earth Shock,5,0,0
10416,Earth Shock,6,0,0
10417,Earth Shock,7,0,0
10419,zzOLDMolten Blast,6,99,0
10420,zzOLDMolten Blast,7,99,0
10421,zzOLDMolten Blast,6,0,0
10422,zzOLDMolten Blast,7,0,0
10423,Stoneclaw Totem Effect,5,48,0
10424,Stoneclaw Totem Effect,6,58,0
10425,Stoneclaw Totem Passive,5,48,0
10426,Stoneclaw Totem Passive,6,58,0
10427,Stoneclaw Totem,5,48,11
10428,Stoneclaw Totem,6,58,11
10429,Stoneclaw Totem,5,0,0
10430,Stoneclaw Totem,6,0,0
10431,Lightning Shield,6,48,11
10432,Lightning Shield,7,56,11
10433,Lightning Shield,6,0,0
10434,Lightning Shield,7,0,0
10435,Attack,5,50,11
10436,Attack,6,60,11
10437,Searing Totem,5,50,11
10438,Searing Totem,6,60,11
10439,Searing Totem,5,0,0
10440,Searing Totem,6,0,0
10441,Strength of Earth,4,52,11
10442,Strength of Earth Totem,4,52,11
10443,Strength of Earth Totem,4,0,0
10444,Flametongue Attack,3,1,11
10445,Flametongue Weapon Proc,4,36,11
10446,Flametongue Weapon,4,0,0
10447,Flame Shock,4,40,11
10448,Flame Shock,5,52,11
10449,Flame Shock,4,0,0
10450,Flame Shock,5,0,0
10456,Frostbrand Weapon,3,38,0
10457,Frostbrand Weapon,3,0,0
10458,Frostbrand Attack,3,38,11
10460,Healing Stream,4,50,11
10461,Healing Stream,5,60,11
10462,Healing Stream Totem,4,50,11
10463,Healing Stream Totem,5,60,11
10464,Healing Stream Totem,4,0,0
10465,Healing Stream Totem,5,0,0
10466,Lesser Healing Wave,4,44,11
10467,Lesser Healing Wave,5,52,11
10468,Lesser Healing Wave,6,60,11
10469,Lesser Healing Wave,4,0,0
10470,Lesser Healing Wave,5,0,0
10471,Lesser Healing Wave,6,0,0
10472,Frost Shock,3,46,11
10473,Frost Shock,4,58,11
10474,Frost Shock,3,0,0
10475,Frost Shock,4,0,0
10476,Frost Resistance,2,38,11
10477,Frost Resistance,3,54,11
10478,Frost Resistance Totem,2,38,11
10479,Frost Resistance Totem,3,54,11
10480,Frost Resistance Totem,2,0,0
10481,Frost Resistance Totem,3,0,0
10484,Windfury Weapon,3,50,11
10486,Windfury Weapon,3,50,11
10488,Windfury Weapon,3,0,0
10491,Mana Spring,2,36,11
10493,Mana Spring,3,46,11
10494,Mana Spring,4,56,11
10495,Mana Spring Totem,2,36,11
10496,Mana Spring Totem,3,46,11
10497,Mana Spring Totem,4,56,11
10512,Mana Spring Totem,2,0,0
10514,Mana Spring Totem,3,0,0
10515,Mana Spring Totem,4,0,0
10521,Flametongue Totem Effect,3,48,11
10523,Flametongue Totem Proc,3,48,11
10524,Flametongue Totem Passive,3,48,0
10526,Flametongue Totem,3,48,11
10528,Flametongue Totem,3,0,0
10534,Fire Resistance,2,42,11
10535,Fire Resistance,3,58,11
10537,Fire Resistance Totem,2,42,11
10538,Fire Resistance Totem,3,58,11
10540,Fire Resistance Totem,2,0,0
10541,Fire Resistance Totem,3,0,0
10579,Magma Totem,2,36,11
10580,Magma Totem,3,46,11
10581,Magma Totem,4,56,11
10582,Magma Totem Passive,2,36,0
10583,Magma Totem Passive,3,46,0
10584,Magma Totem Passive,4,56,0
10585,Magma Totem,2,36,11
10586,Magma Totem,3,46,11
10587,Magma Totem,4,56,11
10588,Magma Totem,2,0,0
10589,Magma Totem,3,0,0
10590,Magma Totem,4,0,0
10591,zzOLDLightning Shock,2,99,0
10592,zzOLDLightning Shock,3,99,0
10593,Lightning Shock,2,0,0
10594,Lightning Shock,3,0,0
10595,Nature Resistance Totem,1,30,11
10596,Nature Resistance,1,30,11
10597,Nature Resistance Totem,1,0,0
10598,Nature Resistance,2,44,11
10599,Nature Resistance,3,60,11
10600,Nature Resistance Totem,2,44,11
10601,Nature Resistance Totem,3,60,11
10602,Nature Resistance Totem,2,0,0
10603,Nature Resistance Totem,3,0,0
10605,Chain Lightning,4,56,11
10607,Windfury Totem Effect,2,42,11
10608,Windfury Totem,2,42,11
10609,Windfury Totem Passive,2,42,0
10610,Windfury Totem,3,52,11
10611,Windfury Totem Effect,3,52,11
10612,Windfury Totem Passive,3,52,0
10613,Windfury Totem,2,42,11
10614,Windfury Totem,3,52,11
10615,Windfury Totem,2,0,0
10616,Windfury Totem,3,0,0
10622,Chain Heal,2,46,11
10623,Chain Heal,3,54,11
10624,Chain Heal,2,0,0
10625,Chain Heal,3,0,0
10626,Grace of Air,2,56,11
10627,Grace of Air Totem,2,56,11
10628,Grace of Air Totem,2,0,0
10797,Starshards,1,10,6
10838,First Aid,7,0,0
10839,First Aid,8,0,0
10874,Mana Burn,3,40,6
10875,Mana Burn,4,48,6
10876,Mana Burn,5,56,6
10877,Mana Burn,3,0,0
10878,Mana Burn,4,0,0
10879,Mana Burn,5,0,0
10880,Resurrection,3,34,6
10881,Resurrection,4,46,6
10882,Resurrection,3,0,0
10883,Resurrection,4,0,0
10884,zzOLDHoly Protection,2,99,0
10885,zzOLDHoly Protection,3,99,0
10886,zzOLDHoly Protection,3,0,0
10887,Crowd Pummel,3,34,0
10888,Psychic Scream,3,42,6
10889,Psychic Scream,3,0,0
10890,Psychic Scream,4,56,6
10891,Psychic Scream,4,0,0
10892,Shadow Word: Pain,6,42,6
10893,Shadow Word: Pain,7,50,6
10894,Shadow Word: Pain,8,58,6
10895,Shadow Word: Pain,6,0,0
10896,Shadow Word: Pain,7,0,0
10897,Shadow Word: Pain,8,0,0
10898,Power Word: Shield,7,42,6
10899,Power Word: Shield,8,48,6
10900,Power Word: Shield,9,54,6
10901,Power Word: Shield,10,60,6
10902,Power Word: Shield,7,0,0
10903,Power Word: Shield,8,0,0
10904,Power Word: Shield,9,0,0
10905,Power Word: Shield,10,0,0
10909,Mind Vision,2,44,6
10910,Mind Vision,2,0,0
10911,Mind Control,2,44,6
10912,Mind Control,3,58,6
10913,Mind Control,2,0,0
10914,Mind Control,3,0,0
10915,Flash Heal,5,44,6
10916,Flash Heal,6,50,6
10917,Flash Heal,7,56,6
10918,Flash Heal,5,0,0
10919,Flash Heal,6,0,0
10920,Flash Heal,7,0,0
10927,Renew,7,44,6
10928,Renew,8,50,6
10929,Renew,9,56,6
10930,Renew,7,0,0
10931,Renew,8,0,0
10932,Renew,9,0,0
10933,Smite,7,46,6
10934,Smite,8,54,6
10935,Smite,7,0,0
10936,Smite,8,0,0
10937,Power Word: Fortitude,5,48,6
10938,Power Word: Fortitude,6,60,6
10939,Power Word: Fortitude,5,0,0
10940,Power Word: Fortitude,6,0,0
10941,Fade,5,50,6
10942,Fade,6,60,6
10943,Fade,5,0,0
10944,Fade,6,0,0
10945,Mind Blast,7,46,6
10946,Mind Blast,8,52,6
10947,Mind Blast,9,58,6
10948,Mind Blast,7,0,0
10949,Mind Blast,8,0,0
10950,Mind Blast,9,0,0
10951,Inner Fire,5,50,6
10952,Inner Fire,6,60,6
10953,Mind Soothe,3,52,6
10954,Mind Soothe,3,0,0
10955,Shackle Undead,3,60,6
10956,Shackle Undead,3,0,0
10957,Shadow Protection,2,42,6
10958,Shadow Protection,3,56,6
10959,Shadow Protection,3,0,0
10960,Prayer of Healing,3,50,6
10961,Prayer of Healing,4,60,6
10962,Prayer of Healing,4,0,0
10963,Greater Heal,2,46,6
10964,Greater Heal,3,52,6
10965,Greater Heal,4,58,6
11025,Inner Fire,5,0,0
11026,Inner Fire,6,0,0
11068,Frost Focus,1,1,0
11069,Improved Fireball,1,1,3
11070,Improved Frostbolt,1,1,3
11071,Frostbite,1,1,3
11078,Improved Fire Blast,1,1,3
11080,Improved Fire Blast,2,1,3
11083,Burning Soul,1,1,3
11085,Chain Bolt,1,30,0
11094,Improved Fire Ward,1,1,3
11095,Improved Scorch,1,0,3
11100,Flame Throwing,1,1,3
11103,Impact,1,1,3
11108,Improved Flamestrike,1,1,3
11113,Blast Wave,1,30,3
11115,Critical Mass,1,1,3
11119,Ignite,1,1,3
11120,Ignite,2,1,3
11124,Fire Power,1,1,3
11151,Piercing Ice,1,1,3
11160,Frost Channeling,1,1,3
11165,Improved Frost Nova,1,1,3
11170,Shatter,1,1,3
11175,Permafrost,1,1,3
11180,Winter's Chill,1,1,3
11185,Improved Blizzard,1,1,3
11189,Frost Warding,1,1,3
11190,Improved Cone of Cold,1,1,3
11197,Expose Armor,4,46,8
11198,Expose Armor,5,56,8
11199,Expose Armor,4,0,0
11200,Expose Armor,5,0,0
11201,Crippling Poison,2,50,8
11202,Crippling Poison,2,50,8
11207,Ice Shards,1,1,3
11209,Summon Smithing Hammer,1,0,0
11210,Arcane Subtlety,1,1,3
11213,Arcane Concentration,1,1,3
11222,Arcane Focus,1,1,3
11232,Arcane Mind,1,1,0
11237,Improved Arcane Missiles,1,1,3
11242,Improved Arcane Explosion,1,1,3
11247,Magic Attunement,1,1,3
11252,Improved Mana Shield,1,1,3
11255,Improved Counterspell,1,1,3
11262,Improved Blink,1,1,3
11267,Ambush,4,42,8
11268,Ambush,5,50,8
11269,Ambush,6,58,8
11270,Ambush,4,0,0
11271,Ambush,5,0,0
11272,Ambush,6,0,0
11273,Rupture,4,44,8
11274,Rupture,5,52,8
11275,Rupture,6,60,8
11276,Rupture,4,0,0
11277,Rupture,5,0,0
11278,Rupture,6,0,0
11279,Backstab,6,44,8
11280,Backstab,7,52,8
11281,Backstab,8,60,8
11282,Backstab,6,0,0
11283,Backstab,7,0,0
11284,Backstab,8,0,0
11285,Gouge,4,46,8
11286,Gouge,5,60,8
11287,Gouge,4,0,0
11288,Gouge,5,0,0
11289,Garrote,5,46,8
11290,Garrote,6,54,8
11291,Garrote,5,0,0
11292,Garrote,6,0,0
11293,Sinister Strike,7,46,8
11294,Sinister Strike,8,54,8
11295,Sinister Strike,7,0,0
11296,Sinister Strike,8,0,0
11297,Sap,3,48,8
11298,Sap,3,0,0
11299,Eviscerate,7,48,8
11300,Eviscerate,8,56,8
11301,Eviscerate,7,0,0
11302,Eviscerate,8,0,0
11303,Feint,4,52,8
11304,Feint,4,0,0
11305,Sprint,3,58,8
11306,Fire Nova,4,42,11
11307,Fire Nova,5,52,11
11308,Fire Nova,4,42,0
11309,Fire Nova,5,52,0
11310,Fire Nova,4,42,11
11311,Fire Nova,5,52,11
11312,Fire Nova,4,42,0
11313,Fire Nova,5,52,0
11314,Fire Nova Totem,4,42,11
11315,Fire Nova Totem,5,52,11
11316,Fire Nova Totem,4,0,0
11317,Fire Nova Totem,5,0,0
11318,Sprint,3,0,0
11327,Vanish,1,22,8
11329,Vanish,2,42,8
11335,Instant Poison IV,4,44,8
11336,Instant Poison V,5,52,8
11337,Instant Poison VI,6,60,8
11338,Instant Poison IV,4,44,8
11339,Instant Poison V,5,52,8
11340,Instant Poison VI,6,60,8
11341,Instant Poison IV,4,44,0
11342,Instant Poison V,5,52,0
11343,Instant Poison VI,6,60,0
11344,Instant Poison,4,0,0
11345,Instant Poison,5,0,0
11346,Instant Poison,6,0,0
11353,Deadly Poison III,3,46,8
11354,Deadly Poison IV,4,54,8
11355,Deadly Poison III,3,46,8
11356,Deadly Poison IV,4,54,8
11357,Deadly Poison III,3,46,0
11358,Deadly Poison IV,4,54,0
11359,Restoration,1,42,13
11360,Deadly Poison,3,0,0
11361,Deadly Poison,4,0,0
11366,Pyroblast,1,20,3
11367,Critical Mass,2,2,3
11368,Critical Mass,3,2,3
11369,Critical Mass,4,2,3
11370,Critical Mass,5,2,3
11371,Gift of Arthas,1,1,0
11372,zzOLDDONOTREUSE,1,1,0
11398,Mind-numbing Poison III,3,52,8
11399,Mind-numbing Poison III,3,52,8
11400,Mind-numbing Poison III,3,52,0
11401,Mind-numbing Poison,3,0,0
11413,Echoes of Lordaeron,1,0,0
11414,Echoes of Lordaeron,2,0,0
11415,Echoes of Lordaeron,3,0,0
11426,Ice Barrier,1,40,3
11469,Deadly Toxin IV,4,54,0
11470,Deadly Toxin III,3,46,0
11471,Deadly Toxin II,2,38,0
11539,Deadly Toxin,1,30,0
11549,Battle Shout,4,32,4
11550,Battle Shout,5,42,4
11551,Battle Shout,6,52,4
11552,Battle Shout,5,0,0
11553,Battle Shout,6,0,0
11554,Demoralizing Shout,3,34,4
11555,Demoralizing Shout,4,44,4
11556,Demoralizing Shout,5,54,4
11557,Demoralizing Shout,3,0,0
11558,Demoralizing Shout,4,0,0
11559,Demoralizing Shout,5,0,0
11560,zzOLDInner Rage,2,99,4
11561,zzOLDInner Rage,3,99,4
11562,Inner Rage,2,0,0
11563,Inner Rage,3,0,0
11564,Heroic Strike,5,32,4
11565,Heroic Strike,6,40,4
11566,Heroic Strike,7,48,4
11567,Heroic Strike,8,56,4
11570,Heroic Strike,7,0,0
11571,Heroic Strike,8,0,0
11572,Rend,5,40,4
11573,Rend,6,50,4
11574,Rend,7,60,4
11575,Rend,5,0,0
11576,Rend,6,0,0
11577,Rend,7,0,0
11578,Charge,3,46,4
11579,Charge,3,0,0
11580,Thunder Clap,5,48,4
11581,Thunder Clap,6,58,4
11582,Thunder Clap,5,0,0
11583,Thunder Clap,6,0,0
11584,Overpower,3,44,4
11585,Overpower,4,60,4
11586,Overpower,3,0,0
11587,Overpower,4,0,0
11588,zzOLDTaunt,4,99,4
11589,zzOLDTaunt,5,99,4
11590,zzOLDTaunt,6,99,4
11596,Sunder Armor,4,46,4
11597,Sunder Armor,5,58,4
11598,Sunder Armor,4,0,0
11599,Sunder Armor,5,0,0
11600,Revenge,4,44,4
11601,Revenge,5,54,4
11602,Revenge,4,0,0
11603,Revenge,5,0,0
11604,Slam,3,46,4
11605,Slam,4,54,4
11606,Slam,3,0,0
11607,Slam,4,0,0
11608,Cleave,3,40,4
11609,Cleave,4,50,4
11659,Shadow Bolt,7,44,5
11660,Shadow Bolt,8,52,5
11661,Shadow Bolt,9,60,5
11662,Shadow Bolt,7,0,0
11663,Shadow Bolt,8,0,0
11664,Shadow Bolt,9,0,0
11665,Immolate,5,40,5
11666,Immolate,5,0,0
11667,Immolate,6,50,5
11668,Immolate,7,60,5
11669,Immolate,6,0,0
11670,Immolate,7,0,0
11671,Corruption,5,44,5
11672,Corruption,6,54,5
11673,Corruption,5,0,0
11674,Corruption,6,0,0
11675,Drain Soul,4,52,5
11676,Drain Soul,4,0,0
11677,Rain of Fire,3,46,5
11678,Rain of Fire,4,58,5
11679,Rain of Fire,3,0,0
11680,Rain of Fire,4,0,0
11681,Hellfire Effect,2,42,5
11682,Hellfire Effect,3,54,5
11683,Hellfire,2,42,5
11684,Hellfire,3,54,5
11685,Hellfire,2,0,0
11686,Hellfire,3,0,0
11687,Life Tap,4,36,5
11688,Life Tap,5,46,5
11689,Life Tap,6,56,5
11690,Life Tap,4,0,0
11691,Life Tap,5,0,0
11692,Life Tap,6,0,0
11693,Health Funnel,5,44,5
11694,Health Funnel,6,52,5
11695,Health Funnel,7,60,5
11696,Health Funnel,5,0,0
11697,Health Funnel,6,0,0
11698,Health Funnel,7,0,0
11699,Drain Life,5,46,5
11700,Drain Life,6,54,5
11701,Drain Life,5,0,0
11702,Drain Life,6,0,0
11703,Drain Mana,3,44,5
11704,Drain Mana,4,54,5
11705,Drain Mana,3,0,0
11706,Drain Mana,4,0,0
11707,Curse of Weakness,5,42,5
11708,Curse of Weakness,6,52,5
11709,Curse of Weakness,5,0,0
11710,Curse of Weakness,6,0,0
11711,Curse of Agony,4,38,5
11712,Curse of Agony,5,48,5
11713,Curse of Agony,6,58,5
11714,Curse of Agony,4,0,0
11715,Curse of Agony,5,0,0
11716,Curse of Agony,6,0,0
11717,Curse of Recklessness,4,56,5
11718,Curse of Recklessness,4,0,0
11719,Curse of Tongues,2,50,5
11720,Curse of Tongues,2,0,0
11721,Curse of the Elements,2,46,5
11722,Curse of the Elements,3,60,5
11723,Curse of the Elements,2,0,0
11724,Curse of the Elements,3,0,0
11725,Enslave Demon,2,44,5
11726,Enslave Demon,3,58,5
11727,Enslave Demon,2,0,0
11728,Enslave Demon,3,0,0
11733,Demon Armor,3,40,0
11734,Demon Armor,4,50,0
11735,Demon Armor,5,60,0
11736,Demon Armor,3,0,0
11737,Demon Armor,4,0,0
11738,Demon Armor,5,0,0
11739,Shadow Ward,2,42,0
11740,Shadow Ward,3,52,0
11741,Shadow Ward,2,0,0
11742,Shadow Ward,3,0,0
11762,Firebolt,6,48,5
11763,Firebolt,7,58,5
11764,Firebolt,6,0,0
11765,Firebolt,7,0,0
11766,Blood Pact,4,38,5
11767,Blood Pact,5,50,5
11768,Blood Pact,4,0,0
11769,Blood Pact,5,0,0
11770,Fire Shield,4,44,5
11771,Fire Shield,5,54,5
11772,Fire Shield,4,0,0
11773,Fire Shield,5,0,0
11774,Torment,5,50,5
11775,Torment,6,60,5
11776,Torment,5,0,0
11777,Torment,6,0,0
11778,Lash of Pain,4,44,5
11779,Lash of Pain,5,52,5
11780,Lash of Pain,6,60,5
11781,Lash of Pain,4,0,0
11782,Lash of Pain,5,0,0
11783,Lash of Pain,6,0,0
11784,Soothing Kiss,3,46,5
11785,Soothing Kiss,4,58,5
11786,Soothing Kiss,3,0,0
11787,Soothing Kiss,4,0,0
11837,Wide Slash,1,1,0
12162,Deep Wounds,1,1,0
12163,Two-Handed Weapon Specialization,1,1,0
12165,Polearm Specialization,1,1,0
12174,Agility,4,65,0
12175,Armor,4,55,0
12176,Intellect,4,60,0
12177,Spirit,4,55,0
12179,Strength,4,65,0
12198,Marksman Hit,1,1,0
12281,Sword Specialization,1,1,0
12282,Improved Heroic Strike,1,1,4
12284,Mace Specialization,1,1,0
12285,Improved Charge,1,1,4
12286,Improved Rend,1,1,4
12287,Improved Thunder Clap,1,1,4
12288,Improved Pummel,1,1,4
12289,Improved Hamstring,1,1,4
12290,Improved Overpower,1,1,4
12294,Mortal Strike,1,40,4
12295,Tactical Mastery,1,1,4
12297,Anticipation,1,1,0
12298,Shield Specialization,1,1,0
12299,Toughness,1,1,0
12300,Iron Will,1,1,0
12301,Improved Bloodrage,1,1,4
12302,Improved Taunt,1,1,4
12303,Defiance,1,1,0
12307,Improved Shield Block,2,1,4
12308,Improved Sunder Armor,1,1,4
12311,Improved Shield Bash,1,1,4
12312,Improved Shield Wall,1,1,4
12313,Improved Disarm,1,1,4
12317,Enrage,1,1,0
12318,Improved Battle Shout,1,1,4
12319,Flurry,1,1,0
12320,Cruelty,1,1,0
12321,Booming Voice,1,1,4
12322,Unbridled Wrath,1,1,0
12324,Improved Demoralizing Shout,1,1,4
12325,Improved Inner Rage,1,1,4
12326,Improved Intimidating Shout,1,1,4
12327,Improved Challenging Shout,1,1,4
12329,Improved Cleave,1,1,4
12330,Improved Slam,2,1,4
12338,Improved Fireball,2,1,3
12339,Improved Fireball,3,1,3
12340,Improved Fireball,4,1,3
12341,Improved Fireball,5,1,3
12342,Improved Fire Blast,3,1,3
12343,zzOLDImproved Fire Blast,4,1,3
12344,zzOLDImproved Fire Blast,5,1,3
12349,Improved Flamestrike,2,1,3
12350,Improved Flamestrike,3,1,3
12351,Burning Soul,2,1,3
12352,zzOLDBurning Soul,3,1,3
12353,Flame Throwing,2,1,3
12355,Impact,1,10,0
12357,Impact,2,1,3
12358,Impact,3,1,3
12359,Impact,4,1,3
12360,Impact,5,1,3
12378,Fire Power,2,1,3
12398,Fire Power,3,1,3
12399,Fire Power,4,1,3
12400,Fire Power,5,1,3
12463,Improved Arcane Missiles,2,1,3
12464,Improved Arcane Missiles,3,1,3
12467,Improved Arcane Explosion,2,1,3
12469,Improved Arcane Explosion,3,1,3
12473,Improved Frostbolt,2,1,3
12475,Improved Frost Nova,2,1,3
12484,Chilled,1,1,3
12485,Chilled,2,10,3
12486,Chilled,3,10,3
12487,Improved Blizzard,2,1,3
12488,Improved Blizzard,3,1,3
12489,Improved Cone of Cold,2,1,3
12490,Improved Cone of Cold,3,1,3
12494,Frostbite,1,10,0
12496,Frostbite,2,1,3
12497,Frostbite,3,1,3
12498,zzOLDFrostbite,4,1,3
12499,zzOLDFrostbite,5,1,3
12500,Arcane Mind,2,1,0
12501,Arcane Mind,3,1,0
12502,Arcane Mind,4,1,0
12503,Arcane Mind,5,1,0
12505,Pyroblast,2,24,3
12518,Frost Channeling,2,1,3
12519,Frost Channeling,3,1,3
12522,Pyroblast,3,30,3
12523,Pyroblast,4,36,3
12524,Pyroblast,5,42,3
12525,Pyroblast,6,48,3
12526,Pyroblast,7,54,3
12527,zzOLDPyroblast,8,99,3
12561,Fire Protection,1,0,0
12569,Permafrost,2,1,3
12570,zzOLDPermafrost,4,1,3
12571,Permafrost,3,1,3
12573,zzOLDPermafrost,5,1,3
12574,Arcane Concentration,2,1,3
12575,Arcane Concentration,3,1,3
12576,Arcane Concentration,4,1,3
12577,Arcane Concentration,5,1,3
12580,zzOLDWinter's Chill,3,1,3
12592,Arcane Subtlety,2,1,3
12593,zzOLDArcane Subtlety,3,1,3
12598,Improved Counterspell,2,1,3
12600,Improved Counterspell,3,1,3
12601,Improved Counterspell,4,1,3
12602,Improved Counterspell,5,1,3
12604,Improved Blink,2,1,3
12605,Improved Mana Shield,2,1,3
12606,Magic Attunement,2,1,3
12658,Improved Rend,2,1,4
12659,Improved Rend,3,1,4
12663,Improved Heroic Strike,2,1,4
12664,Improved Heroic Strike,3,1,4
12665,Improved Thunder Clap,2,1,4
12666,Improved Thunder Clap,3,1,4
12668,Improved Hamstring,2,1,4
12672,Ice Shards,2,1,3
12676,Tactical Mastery,2,1,4
12677,Tactical Mastery,3,1,4
12678,Tactical Mastery,4,1,4
12679,Tactical Mastery,5,1,4
12695,Charge Rage Bonus Effect,1,1,0
12696,Charge Rage Bonus Effect,2,1,0
12697,Improved Charge,2,1,4
12700,Axe Specialization,1,1,0
12701,Mace Specialization,2,1,0
12702,Mace Specialization,3,1,0
12703,Mace Specialization,4,1,0
12704,Mace Specialization,5,1,0
12705,Long Daze,1,0,0
12707,Improved Pummel,2,1,4
12708,Improved Pummel,3,1,4
12711,Two-Handed Weapon Specialization,2,1,0
12712,Two-Handed Weapon Specialization,3,1,0
12713,Two-Handed Weapon Specialization,4,1,0
12714,Two-Handed Weapon Specialization,5,1,0
12723,Sweeping Strikes,1,1,0
12724,Shield Specialization,2,1,0
12725,Shield Specialization,3,1,0
12726,Shield Specialization,4,1,0
12727,Shield Specialization,5,1,0
12750,Anticipation,2,1,0
12751,Anticipation,3,1,0
12752,Anticipation,4,1,0
12753,Anticipation,5,1,0
12761,Toughness,2,1,0
12762,Toughness,3,1,0
12763,Toughness,4,1,0
12764,Toughness,5,1,0
12765,Improved Taunt,2,1,4
12781,Axe Specialization,2,1,0
12783,Axe Specialization,3,1,0
12784,Axe Specialization,4,1,0
12785,Axe Specialization,5,1,0
12788,Defiance,2,1,0
12789,Defiance,3,1,0
12791,Defiance,4,1,0
12792,Defiance,5,1,0
12797,Improved Revenge,1,1,4
12798,Revenge Stun,1,10,0
12799,Improved Revenge,2,1,4
12800,Improved Revenge,3,1,4
12803,Improved Shield Wall,2,1,4
12804,Improved Disarm,2,1,4
12807,Improved Disarm,3,1,4
12810,Improved Sunder Armor,2,1,4
12811,Improved Sunder Armor,3,1,4
12812,Sword Specialization,2,1,0
12813,Sword Specialization,3,1,0
12814,Sword Specialization,4,1,0
12815,Sword Specialization,5,1,0
12818,Improved Bloodrage,2,1,4
12821,Plainsrunning,1,0,0
12824,Polymorph,2,20,3
12825,Polymorph,3,40,3
12826,Polymorph,4,60,3
12827,Polymorph,2,0,0
12828,Polymorph,3,0,0
12829,Polymorph,4,0,0
12830,Polearm Specialization,2,1,0
12831,Polearm Specialization,3,1,0
12832,Polearm Specialization,4,1,0
12833,Polearm Specialization,5,1,0
12834,Deep Wounds,1,1,4
12835,Booming Voice,2,1,4
12836,Booming Voice,3,1,4
12837,Booming Voice,4,1,4
12838,Booming Voice,5,1,4
12839,Arcane Focus,2,1,3
12840,Arcane Focus,3,1,3
12841,Arcane Focus,4,1,3
12842,Arcane Focus,5,1,3
12846,Ignite,3,1,3
12847,Ignite,4,1,3
12848,Ignite,5,1,3
12849,Deep Wounds,2,1,4
12850,Deep Wounds,2,1,0
12852,Cruelty,2,1,0
12853,Cruelty,3,1,0
12854,Spell Focus,1,1,0
12855,Cruelty,4,1,0
12856,Cruelty,5,1,0
12857,Improved Battle Shout,2,1,4
12858,Improved Battle Shout,3,1,4
12860,Improved Battle Shout,4,1,4
12861,Improved Battle Shout,5,1,4
12862,Improved Slam,1,1,4
12863,Improved Inner Rage,2,1,4
12864,Improved Inner Rage,3,1,4
12865,Improved Inner Rage,4,1,4
12866,Improved Inner Rage,5,1,4
12867,Deep Wounds,3,1,4
12868,Deep Wounds,3,1,0
12872,Improved Scorch,2,0,3
12873,Improved Scorch,3,0,3
12874,zzOLDImproved Scorch,4,0,3
12875,zzOLDImproved Scorch,5,0,3
12876,Improved Demoralizing Shout,2,1,4
12877,Improved Demoralizing Shout,3,1,4
12878,Improved Demoralizing Shout,4,1,4
12879,Improved Demoralizing Shout,5,1,4
12880,Enrage,1,1,0
12886,Improved Challenging Shout,2,1,4
12944,Improved Shield Block,3,1,4
12945,Improved Shield Block,1,1,4
12950,Improved Cleave,2,1,4
12952,Piercing Ice,2,1,3
12953,Piercing Ice,3,1,3
12954,Piercing Ice,4,1,3
12956,Demon Armor,1,60,0
12957,Piercing Ice,5,1,3
12958,Improved Shield Bash,2,1,4
12959,Iron Will,2,1,0
12960,Iron Will,3,1,0
12961,Iron Will,4,1,0
12962,Iron Will,5,1,0
12963,Improved Overpower,2,1,4
12964,Unbridled Wrath,1,1,0
12966,Flurry,1,1,0
12967,Flurry,2,1,0
12968,Flurry,3,1,0
12969,Flurry,4,1,0
12970,Flurry,5,1,0
12971,Flurry,2,1,0
12972,Flurry,3,1,0
12973,Flurry,4,1,0
12974,Flurry,5,1,0
12982,Shatter,2,1,3
12983,Shatter,3,1,3
12984,Shatter,4,1,3
12985,Shatter,5,1,3
12999,Unbridled Wrath,2,1,0
13000,Unbridled Wrath,3,1,0
13001,Unbridled Wrath,4,1,0
13002,Unbridled Wrath,5,1,0
13011,Pyroblast,3,0,0
13012,Pyroblast,4,0,0
13014,Pyroblast,5,0,0
13015,Pyroblast,6,0,0
13016,Pyroblast,7,0,0
13017,Pyroblast,8,0,0
13018,Blast Wave,2,36,3
13019,Blast Wave,3,44,3
13020,Blast Wave,4,52,3
13021,Blast Wave,5,60,3
13023,Blast Wave,2,0,0
13024,Blast Wave,3,0,0
13025,Blast Wave,4,0,0
13026,Blast Wave,5,0,0
13027,Hemorrhage,3,0,0
13031,Ice Barrier,2,46,3
13032,Ice Barrier,3,52,3
13033,Ice Barrier,4,58,3
13034,zzOLDIce Barrier,5,48,3
13035,zzOLDIce Barrier,6,54,3
13036,zzOLDIce Barrier,7,60,3
13037,Ice Barrier,2,0,0
13038,Ice Barrier,3,0,0
13039,Ice Barrier,4,0,0
13040,zzOLDIce Barrier,5,0,0
13041,zzOLDIce Barrier,6,0,0
13042,zzOLDIce Barrier,7,0,0
13043,Improved Fire Ward,2,1,3
13045,Enrage,2,1,0
13046,Enrage,3,1,0
13047,Enrage,4,1,0
13048,Enrage,5,1,0
13058,Improved Intimidating Shout,2,1,4
13059,Improved Intimidating Shout,3,1,4
13078,Bloodthirst,1,1,0
13165,Aspect of the Hawk,1,10,9
13218,Wound Poison,1,32,8
13219,Wound Poison,1,32,8
13220,Wound Poison,1,32,0
13221,Wound Poison,1,0,0
13222,Wound Poison,2,40,8
13223,Wound Poison,3,48,8
13224,Wound Poison,4,56,8
13225,Wound Poison,2,40,8
13226,Wound Poison,3,48,8
13227,Wound Poison,4,56,8
13228,Wound Poison II,2,40,0
13229,Wound Poison III,3,48,0
13230,Wound Poison IV,4,56,0
13231,Wound Poison,2,0,0
13232,Wound Poison,3,0,0
13233,Wound Poison,4,0,0
13424,Faerie Fire,1,18,0
13482,Lightning Bolt,1,30,0
13490,Howling Blade,1,35,4
13491,Pummel,1,6,4
13527,Lightning Bolt,1,28,0
13532,Thunder Clap,1,48,4
13542,Mend Pet,5,44,9
13543,Mend Pet,6,52,9
13544,Mend Pet,7,60,9
13545,Mend Pet,5,0,0
13546,Mend Pet,6,0,0
13547,Mend Pet,7,0,0
13549,Serpent Sting,2,10,9
13550,Serpent Sting,3,18,9
13551,Serpent Sting,4,26,9
13552,Serpent Sting,5,34,9
13553,Serpent Sting,6,42,9
13554,Serpent Sting,7,50,9
13555,Serpent Sting,8,58,9
13556,Serpent Sting,2,0,0
13557,Serpent Sting,3,0,0
13558,Serpent Sting,4,0,0
13559,Serpent Sting,5,0,0
13560,Serpent Sting,6,0,0
13561,Serpent Sting,7,0,0
13562,Serpent Sting,8,0,0
13705,Precision,1,0,0
13706,Dagger Specialization,1,1,0
13707,Fist Weapon Specialization,1,1,0
13709,Mace Specialization,1,1,0
13710,zzOLDThrowing Weapon Specialization,1,1,8
13712,Lightning Reflexes,1,0,0
13713,Deflection,1,0,0
13715,Dual Wield Specialization,1,0,8
13732,Improved Sinister Strike,1,0,8
13733,Improved Backstab,1,0,8
13741,Improved Gouge,1,0,8
13742,Endurance,1,0,8
13743,Improved Sprint,1,0,8
13744,Blazing Emblem,1,40,3
13752,Faerie Fire,2,45,0
13754,Improved Kick,1,0,8
13788,Lightning Reflexes,2,0,0
13789,Lightning Reflexes,3,0,0
13790,Lightning Reflexes,4,0,0
13791,Lightning Reflexes,5,0,0
13792,Improved Gouge,3,0,8
13793,Improved Gouge,2,0,8
13795,Immolation Trap,1,16,9
13797,Immolation Trap Effect,1,16,9
13799,Immolation Trap,1,0,0
13800,Mace Specialization,2,1,0
13801,Mace Specialization,3,1,0
13802,Mace Specialization,4,1,0
13803,Mace Specialization,5,1,0
13804,Dagger Specialization,2,1,0
13805,Dagger Specialization,3,1,0
13806,Dagger Specialization,4,1,0
13807,Dagger Specialization,5,1,0
13812,Explosive Trap Effect,1,34,9
13813,Explosive Trap,1,34,9
13814,Explosive Trap,1,0,0
13832,Precision,2,0,0
13835,Unkillable Off,1,1,0
13843,Precision,3,0,0
13844,Precision,4,0,0
13845,Precision,5,0,0
13848,Dual Wield Specialization,2,0,8
13849,Dual Wield Specialization,3,0,8
13851,Dual Wield Specialization,4,0,8
13852,Dual Wield Specialization,5,0,8
13853,Deflection,2,0,0
13854,Deflection,3,0,0
13855,Deflection,4,0,0
13856,Deflection,5,0,0
13859,zzOLDThrowing Weapon Specialization,2,1,8
13863,Improved Sinister Strike,2,0,8
13865,Improved Backstab,2,0,8
13866,Improved Backstab,3,0,8
13867,Improved Kick,2,0,8
13872,Endurance,2,0,8
13875,Improved Sprint,2,0,8
13876,zzOLDImproved Sprint,3,0,8
13896,Feedback,1,20,6
13908,Desperate Prayer,1,10,6
13958,Master of Deception,1,0,0
13960,Sword Specialization,1,1,0
13961,Sword Specialization,2,1,0
13962,Sword Specialization,3,1,0
13963,Sword Specialization,4,1,0
13964,Sword Specialization,5,1,0
13966,Fist Weapon Specialization,2,1,0
13967,Fist Weapon Specialization,3,1,0
13968,Fist Weapon Specialization,4,1,0
13969,Fist Weapon Specialization,5,1,0
13970,Master of Deception,2,0,0
13971,Master of Deception,3,0,0
13972,Master of Deception,4,0,0
13973,Master of Deception,5,0,0
13974,zzOLDRapid Concealment,1,0,8
13975,Camouflage,1,0,8
13976,Initiative,1,0,8
13977,Initiative,1,0,0
13979,Initiative,2,0,8
13980,Initiative,3,0,8
13981,Elusiveness,1,0,8
13983,Setup,1,0,0
14057,Opportunity,1,0,8
14058,zzOLDRapid Concealment,2,0,8
14059,zzOLDRapid Concealment,3,0,8
14060,zzOLDRapid Concealment,4,0,8
14061,zzOLDRapid Concealment,5,0,8
14062,Camouflage,2,0,8
14063,Camouflage,3,0,8
14064,Camouflage,4,0,8
14065,Camouflage,5,0,8
14066,Elusiveness,2,0,8
14067,zzOLDElusiveness,3,0,8
14068,zzOLDElusiveness,4,0,8
14069,zzOLDElusiveness,5,0,8
14070,Setup,2,0,0
14071,Setup,3,0,0
14072,Opportunity,2,0,8
14073,Opportunity,3,0,8
14074,Opportunity,4,0,8
14075,Opportunity,5,0,8
14076,Improved Sap,1,0,8
14077,zzOLDImproved Garrote,1,0,8
14078,zzOLDImproved Garrote,2,0,8
14079,Improved Ambush,1,0,8
14080,Improved Ambush,2,0,8
14081,Improved Ambush,3,0,8
14082,Dirty Deeds,1,0,8
14083,Dirty Deeds,2,0,8
14084,zzOLDImproved Distract,1,0,8
14085,zzOLDImproved Distract,2,0,8
14088,zzOLDImproved Vanish,1,0,8
14091,zzOLDImproved Vanish,2,0,8
14092,zzOLDImproved Vanish,3,0,8
14093,Vanished,1,0,0
14094,Improved Sap,2,0,8
14095,Improved Sap,3,0,8
14109,Lightning Bolt,1,28,0
14113,Improved Poisons,1,0,8
14114,Improved Poisons,2,0,8
14115,Improved Poisons,3,0,8
14116,Improved Poisons,4,0,8
14117,Improved Poisons,5,0,8
14119,Lightning Bolt,1,30,0
14128,Lethality,1,0,8
14132,Lethality,2,0,8
14135,Lethality,3,0,8
14136,Lethality,4,0,8
14137,Lethality,5,0,8
14138,Malice,1,0,0
14139,Malice,2,0,0
14140,Malice,3,0,0
14141,Malice,4,0,0
14142,Malice,5,0,0
14143,Remorseless,1,0,8
14144,Remorseless Attacks,1,0,0
14148,Remorseless Attacks,2,0,0
14149,Remorseless,2,0,8
14150,zzOLDRemorseless Attacks,3,0,0
14151,Remorseless,3,0,8
14152,zzOLDRemorseless Attacks,4,0,0
14153,zzOLDRemorseless,4,0,8
14154,zzOLDRemorseless Attacks,5,0,0
14155,zzOLDRemorseless,5,0,8
14156,Ruthlessness,1,0,8
14157,Ruthlessness,1,0,0
14158,Murder,1,0,8
14159,Murder,2,0,8
14160,Ruthlessness,2,0,8
14161,Ruthlessness,3,0,8
14162,Improved Eviscerate,1,0,8
14163,Improved Eviscerate,2,0,8
14164,Improved Eviscerate,3,0,8
14165,Improved Slice and Dice,1,0,8
14166,Improved Slice and Dice,2,0,8
14167,Improved Slice and Dice,3,0,8
14168,Improved Expose Armor,1,0,8
14169,Improved Expose Armor,2,0,8
14170,zzOLDImproved Expose Armor,3,0,8
14171,Serrated Blades,1,0,8
14172,Serrated Blades,2,0,8
14173,Serrated Blades,3,0,8
14174,Improved Kidney Shot,1,0,8
14175,Improved Kidney Shot,2,0,8
14176,Improved Kidney Shot,3,0,8
14181,Relentless Strikes Effect,1,0,0
14186,Seal Fate,1,1,8
14190,Seal Fate,2,1,8
14193,Seal Fate,3,1,8
14194,Seal Fate,4,1,8
14195,Seal Fate,5,1,8
14201,Enrage,2,1,0
14202,Enrage,3,1,0
14203,Enrage,4,1,0
14204,Enrage,5,1,0
14253,Abolish Poison,1,26,0
14255,zzOLDImproved Deadly Poison,1,0,8
14256,zzOLDImproved Deadly Poison,2,0,8
14257,zzOLDImproved Deadly Poison,3,0,8
14258,zzOLDImproved Deadly Poison,4,0,8
14259,zzOLDImproved Deadly Poison,5,0,8
14260,Raptor Strike,2,8,9
14261,Raptor Strike,3,16,9
14262,Raptor Strike,4,24,9
14263,Raptor Strike,5,32,9
14264,Raptor Strike,6,40,9
14265,Raptor Strike,7,48,9
14266,Raptor Strike,8,56,9
14267,Wing Clip,2,38,9
14268,Wing Clip,3,60,9
14269,Mongoose Bite,2,30,9
14270,Mongoose Bite,3,44,9
14271,Mongoose Bite,4,58,9
14272,Disengage,2,34,9
14273,Disengage,3,48,9
14274,Distracting Shot,2,20,9
14275,Scorpid Sting,2,32,9
14276,Scorpid Sting,3,42,9
14277,Scorpid Sting,4,52,9
14279,Viper Sting,2,46,9
14280,Viper Sting,3,56,9
14281,Arcane Shot,2,12,9
14282,Arcane Shot,3,20,9
14283,Arcane Shot,4,28,9
14284,Arcane Shot,5,36,9
14285,Arcane Shot,6,44,9
14286,Arcane Shot,7,52,9
14287,Arcane Shot,8,60,9
14288,Multi-Shot,2,30,9
14289,Multi-Shot,3,42,9
14290,Multi-Shot,4,54,9
14294,Volley,2,50,9
14295,Volley,3,58,9
14296,Black Arrow,2,60,0
14298,Immolation Trap Effect,2,26,9
14299,Immolation Trap Effect,3,36,9
14300,Immolation Trap Effect,4,46,9
14301,Immolation Trap Effect,5,56,9
14302,Immolation Trap,2,26,9
14303,Immolation Trap,3,36,9
14304,Immolation Trap,4,46,9
14305,Immolation Trap,5,56,9
14308,Freezing Trap Effect,2,40,9
14309,Freezing Trap Effect,3,60,9
14310,Freezing Trap,2,40,9
14311,Freezing Trap,3,60,9
14314,Explosive Trap Effect,2,44,9
14315,Explosive Trap Effect,3,54,9
14316,Explosive Trap,2,44,9
14317,Explosive Trap,3,54,9
14318,Aspect of the Hawk,2,18,9
14319,Aspect of the Hawk,3,28,9
14320,Aspect of the Hawk,4,38,9
14321,Aspect of the Hawk,5,48,9
14322,Aspect of the Hawk,6,58,9
14323,Hunter's Mark,2,22,9
14324,Hunter's Mark,3,40,9
14325,Hunter's Mark,4,58,9
14326,Scare Beast,2,30,0
14327,Scare Beast,3,46,0
14332,Raptor Strike,2,0,0
14333,Raptor Strike,3,0,0
14334,Raptor Strike,4,0,0
14335,Raptor Strike,5,0,0
14336,Raptor Strike,6,0,0
14337,Raptor Strike,7,0,0
14338,Raptor Strike,8,0,0
14339,Wing Clip,2,0,0
14340,Wing Clip,3,0,0
14341,Mongoose Bite,2,0,0
14342,Mongoose Bite,3,0,0
14343,Mongoose Bite,4,0,0
14344,Disengage,2,0,0
14345,Disengage,3,0,0
14346,Distracting Shot,2,0,0
14347,Scorpid Sting,2,0,0
14348,Scorpid Sting,3,0,0
14349,Scorpid Sting,4,0,0
14350,Viper Sting,2,0,0
14351,Viper Sting,3,0,0
14352,Arcane Shot,2,0,0
14353,Arcane Shot,3,0,0
14354,Arcane Shot,4,0,0
14355,Arcane Shot,5,0,0
14356,Arcane Shot,6,0,0
14357,Arcane Shot,7,0,0
14358,Arcane Shot,8,0,0
14359,Multi-Shot,3,0,0
14360,Multi-Shot,4,0,0
14361,Volley,2,0,0
14362,Volley,3,0,0
14363,Black Arrow,2,0,0
14364,Immolation Trap,2,0,0
14365,Immolation Trap,3,0,0
14366,Immolation Trap,4,0,0
14367,Immolation Trap,5,0,0
14368,Freezing Trap,2,0,0
14370,Freezing Trap,3,0,0
14372,Explosive Trap,2,0,0
14373,Explosive Trap,3,0,0
14374,Aspect of the Hawk,2,0,0
14375,Aspect of the Hawk,3,0,0
14376,Aspect of the Hawk,4,0,0
14377,Aspect of the Hawk,5,0,0
14378,Aspect of the Hawk,6,0,0
14431,Hunter's Mark,2,0,0
14432,Hunter's Mark,3,0,0
14434,Hunter's Mark,4,0,0
14445,Scare Beast,2,0,0
14446,Scare Beast,3,0,0
14520,Mental Agility,1,0,6
14521,Meditation,1,0,0
14522,Unbreakable Will,1,0,0
14523,Silent Resolve,1,0,6
14524,Wand Specialization,1,0,0
14525,Wand Specialization,2,0,0
14526,Wand Specialization,3,0,0
14527,Wand Specialization,4,0,0
14528,Wand Specialization,5,0,0
14531,Martyrdom,1,0,0
14743,Focused Casting,1,0,6
14746,zzOLDImproved Shackle Undead,1,0,6
14747,Improved Inner Fire,1,0,6
14748,Improved Power Word: Shield,1,0,6
14749,Improved Power Word: Fortitude,1,0,6
14750,Improved Mana Burn,1,0,6
14752,Divine Spirit,1,30,6
14767,Improved Power Word: Fortitude,2,0,6
14768,Improved Power Word: Shield,2,0,6
14769,Improved Power Word: Shield,3,0,6
14770,Improved Inner Fire,2,0,6
14771,Improved Inner Fire,3,0,6
14772,Improved Mana Burn,2,0,6
14773,zzOLDImproved Shackle Undead,2,0,6
14774,Martyrdom,2,0,0
14776,Meditation,2,0,0
14777,Meditation,3,0,0
14778,zzOLDMeditation,4,0,0
14779,zzOLDMeditation,5,0,0
14780,Mental Agility,2,0,6
14781,Mental Agility,3,0,6
14782,Mental Agility,4,0,6
14783,Mental Agility,5,0,6
14784,Silent Resolve,2,0,6
14785,Silent Resolve,3,0,6
14786,Silent Resolve,4,0,6
14787,Silent Resolve,5,0,6
14788,Unbreakable Will,2,0,0
14789,Unbreakable Will,3,0,0
14790,Unbreakable Will,4,0,0
14791,Unbreakable Will,5,0,0
14818,Divine Spirit,2,40,6
14819,Divine Spirit,3,50,6
14820,Divine Spirit,3,0,0
14889,Holy Specialization,1,0,6
14892,Inspiration,1,0,6
14893,Inspiration,1,0,0
14898,Spiritual Healing,1,0,6
14899,zzOLDSpiritual Focus,1,0,0
14901,Spiritual Guidance,1,0,6
14904,Master Healer,1,0,6
14905,zzOLDImproved Resurrection,1,0,6
14908,Improved Renew,1,0,6
14909,Searing Light,1,0,6
14910,zzOLDImproved Shadow Protection,1,0,6
14911,Improved Prayer of Healing,1,0,6
14912,Improved Healing,1,0,6
14913,Healing Focus,1,0,6
14914,Holy Fire,1,20,6
14916,Growl,2,10,0
14917,Growl,3,20,0
14918,Growl,4,30,0
14919,Growl,5,40,0
14920,Growl,6,50,0
14921,Growl,7,60,0
14922,Growl,2,10,0
14923,Growl,3,20,0
14924,Growl,4,30,0
14925,Growl,5,40,0
14926,Growl,6,50,0
14927,Growl,7,60,0
15008,Holy Specialization,2,0,6
15009,Holy Specialization,3,0,6
15010,Holy Specialization,4,0,6
15011,Holy Specialization,5,0,6
15012,Healing Focus,2,0,6
15013,Improved Healing,2,0,6
15014,Improved Healing,3,0,6
15015,zzOLDImproved Healing,4,0,6
15016,zzOLDImproved Healing,5,0,6
15017,Searing Light,2,0,6
15018,Improved Prayer of Healing,2,0,6
15019,Improved Prayer of Healing,3,0,6
15020,Improved Renew,2,0,6
15022,zzOLDImproved Shadow Protection,2,0,6
15024,Master Healer,2,0,6
15025,Master Healer,3,0,6
15026,Master Healer,4,0,6
15027,Master Healer,5,0,6
15028,Spiritual Guidance,2,0,6
15029,Spiritual Guidance,3,0,6
15030,Spiritual Guidance,4,0,6
15031,Spiritual Guidance,5,0,6
15034,zzOLDImproved Resurrection,2,0,6
15035,zzOLDRockbiter Totem Passive,1,1,0
15036,Flametongue Totem Effect,4,58,11
15047,Ice Shards,3,1,3
15052,Ice Shards,4,1,3
15053,Ice Shards,5,1,3
15058,Arcane Instability,1,0,3
15059,Arcane Instability,2,0,3
15060,Arcane Instability,3,0,3
15107,Windwall Totem,1,36,11
15108,Windwall,1,36,11
15109,Windwall,2,46,11
15110,Windwall,3,56,11
15111,Windwall Totem,2,46,11
15112,Windwall Totem,3,56,11
15113,Windwall Totem,1,0,0
15115,Windwall Totem,2,0,0
15116,Windwall Totem,3,0,0
15147,Growl,3,0,0
15148,Growl,4,0,0
15149,Growl,5,0,0
15150,Growl,6,0,0
15151,Growl,7,0,0
15207,Lightning Bolt,9,50,11
15208,Lightning Bolt,10,56,11
15209,Lightning Bolt,9,0,0
15210,Lightning Bolt,10,0,0
15237,Holy Nova,1,20,6
15257,Shadow Weaving,1,0,6
15258,Shadow Vulnerability,1,0,6
15259,Darkness,1,0,6
15260,Shadow Focus,1,0,6
15261,Holy Fire,8,60,6
15262,Holy Fire,2,24,6
15263,Holy Fire,3,30,6
15264,Holy Fire,4,36,6
15265,Holy Fire,5,42,6
15266,Holy Fire,6,48,6
15267,Holy Fire,7,54,6
15268,Blackout,1,0,6
15269,Blackout,1,0,0
15270,Spirit Tap,1,0,0
15271,Spirit Tap,1,0,0
15272,Shadow Affinity,2,0,6
15273,Improved Mind Blast,1,0,6
15274,Improved Fade,1,0,6
15275,Improved Shadow Word: Pain,1,0,6
15307,Darkness,2,0,6
15308,Darkness,3,0,6
15309,Darkness,4,0,6
15310,Darkness,5,0,6
15311,Improved Fade,2,0,6
15312,Improved Mind Blast,2,0,6
15313,Improved Mind Blast,3,0,6
15314,Improved Mind Blast,4,0,6
15316,Improved Mind Blast,5,0,6
15317,Improved Shadow Word: Pain,2,0,6
15318,Shadow Affinity,1,0,6
15320,Shadow Affinity,3,0,6
15321,zzOLDShadow Affinity,4,0,6
15322,zzOLDShadow Affinity,5,0,6
15323,Blackout,2,0,6
15324,Blackout,3,0,6
15325,Blackout,4,0,6
15326,Blackout,5,0,6
15327,Shadow Focus,2,0,6
15328,Shadow Focus,3,0,6
15329,Shadow Focus,4,0,6
15330,Shadow Focus,5,0,6
15331,Shadow Weaving,2,0,6
15332,Shadow Weaving,3,0,6
15333,Shadow Weaving,4,0,6
15334,Shadow Weaving,5,0,6
15335,Spirit Tap,2,0,0
15336,Spirit Tap,3,0,0
15337,Spirit Tap,4,0,0
15338,Spirit Tap,5,0,0
15349,Spiritual Healing,2,0,6
15350,zzOLDSpiritual Focus,2,0,0
15351,zzOLDSpiritual Focus,3,0,0
15352,zzOLDSpiritual Focus,4,0,0
15353,zzOLDSpiritual Focus,5,0,0
15354,Spiritual Healing,3,0,6
15355,Spiritual Healing,4,0,6
15356,Spiritual Healing,5,0,6
15357,Inspiration,2,0,0
15359,Inspiration,3,0,0
15360,zzOLDInspiration,4,0,0
15361,zzOLDInspiration,5,0,0
15362,Inspiration,2,0,6
15363,Inspiration,3,0,6
15364,zzOLDInspiration,4,0,6
15365,zzOLDInspiration,5,0,6
15392,Improved Psychic Scream,1,0,6
15407,Mind Flay,1,20,6
15430,Holy Nova,2,28,6
15431,Holy Nova,3,36,6
15432,zzOLDHoly Nova,4,99,6
15433,zzOLDHoly Nova,5,99,6
15434,Holy Nova,3,0,0
15435,zzOLDHoly Nova,4,0,0
15436,zzOLDHoly Nova,5,0,0
15438,Thorns,1,55,0
15448,Improved Psychic Scream,2,0,6
15450,Improved Psychic Scream,3,0,6
15452,Holy Fire,2,0,0
15454,Holy Fire,3,0,0
15455,Holy Fire,4,0,0
15457,Holy Fire,5,0,0
15459,Holy Fire,6,0,0
15460,Holy Fire,7,0,0
15509,zzOLDImproved Smite,3,0,6
15535,Enveloping Winds,1,10,0
15567,Rockbiter Weapon (Passive),2,8,11
15568,Rockbiter Weapon (Passive),3,16,11
15569,Rockbiter Weapon (Passive),4,24,11
15598,Firebolt,1,24,0
15629,Distracting Shot,3,30,9
15630,Distracting Shot,4,40,9
15631,Distracting Shot,5,50,9
15632,Distracting Shot,6,60,9
15637,Distracting Shot,3,0,0
15638,Distracting Shot,4,0,0
15639,Distracting Shot,5,0,0
15640,Distracting Shot,6,0,0
15644,zzOLDCircle of Life,1,35,0
15646,Burst of Knowledge,1,60,0
15697,zzOLDWisdom Aura,1,60,0
15742,Ashcrombe's Teleport,1,1,0
16035,Concussion,1,0,11
16036,zzOLDImproved Lightning Bolt,1,0,11
16038,Call of Flame,1,0,11
16039,Convection,1,0,11
16040,Reverberation,1,0,11
16041,Call of Thunder,1,0,11
16043,Earth's Grasp,1,0,11
16085,zzOLDImproved Searing Totem,1,0,11
16086,Improved Fire Totems,1,0,11
16088,zzOLDImproved Magma Totem,1,0,11
16090,zzOLDImproved Chain Lightning,1,0,11
16105,Concussion,2,0,11
16106,Concussion,3,0,11
16107,Concussion,4,0,11
16108,Concussion,5,0,11
16109,Convection,2,0,11
16110,Convection,3,0,11
16111,Convection,4,0,11
16112,Convection,5,0,11
16113,Reverberation,2,0,11
16114,Reverberation,3,0,11
16115,Reverberation,4,0,11
16116,Reverberation,5,0,11
16117,Call of Thunder,2,0,11
16118,Call of Thunder,3,0,11
16119,Call of Thunder,4,0,11
16120,Call of Thunder,5,0,11
16123,zzOLDImproved Chain Lightning,2,0,11
16127,zzOLDImproved Searing Totem,2,0,11
16129,Improved Magma Totem,2,0,11
16130,Earth's Grasp,2,0,11
16131,zzOLDImproved Stoneclaw Totem,3,0,11
16132,zzOLDImproved Stoneclaw Totem,4,0,11
16133,zzOLDImproved Stoneclaw Totem,5,0,11
16156,zzOLDImproved Lightning Bolt,2,0,11
16157,zzOLDImproved Lightning Bolt,3,0,11
16158,zzOLDImproved Lightning Bolt,4,0,11
16159,zzOLDImproved Lightning Bolt,5,0,11
16160,Call of Flame,2,0,11
16161,Call of Flame,3,0,11
16162,Call of Flame,4,0,11
16163,Call of Flame,5,0,11
16173,Totemic Focus,1,0,11
16176,Ancestral Healing,1,0,11
16177,Ancestral Fortitude,1,0,0
16178,Purification,1,0,11
16179,Tidal Focus,1,0,11
16180,Nature's Guidance,1,0,11
16181,Healing Focus,1,0,11
16182,Improved Healing Wave,1,0,11
16183,zzOLDImproved Chain Heal,1,0,11
16184,Improved Reincarnation,1,0,11
16185,zzOLDImproved Healing Stream Totem,1,0,11
16187,Restorative Totems,1,0,11
16190,Mana Tide Totem,1,40,11
16191,Mana Tide,1,40,11
16192,zzOLDMana Tide,1,40,0
16193,zzOLDMana Tide,1,40,0
16194,Tidal Mastery,1,0,11
16196,Nature's Guidance,2,0,11
16198,Nature's Guidance,3,0,11
16199,zzOLDEventide,4,0,11
16200,zzOLDEventide,5,0,11
16201,zzOLDImproved Healing Stream Totem,2,0,11
16202,zzOLDImproved Healing Stream Totem,3,0,11
16203,zzOLDImproved Healing Stream Totem,4,0,11
16204,zzOLDImproved Healing Stream Totem,5,0,11
16205,Restorative Totems,2,0,11
16206,Restorative Totems,3,0,11
16207,Restorative Totems,4,0,11
16208,Restorative Totems,5,0,11
16209,Improved Reincarnation,2,0,11
16210,Purification,2,0,11
16211,Purification,3,0,11
16212,Purification,4,0,11
16213,Purification,5,0,11
16214,Tidal Focus,2,0,11
16215,Tidal Focus,3,0,11
16216,Tidal Focus,4,0,11
16217,Tidal Focus,5,0,11
16218,Tidal Mastery,2,0,11
16219,Tidal Mastery,3,0,11
16220,Tidal Mastery,4,0,11
16221,Tidal Mastery,5,0,11
16222,Totemic Focus,2,0,11
16223,Totemic Focus,3,0,11
16224,Totemic Focus,4,0,11
16225,Totemic Focus,5,0,11
16226,Improved Healing Wave,2,0,11
16227,Improved Healing Wave,3,0,11
16228,Improved Healing Wave,4,0,11
16229,Improved Healing Wave,5,0,11
16230,Healing Focus,2,0,11
16232,Healing Focus,3,0,11
16233,Healing Focus,4,0,11
16234,Healing Focus,5,0,11
16235,Ancestral Healing,2,0,11
16236,Ancestral Fortitude,2,0,0
16237,Ancestral Fortitude,3,0,0
16238,zzOLDAncestral Fortitude,4,0,0
16239,zzOLDAncestral Fortitude,5,0,0
16240,Ancestral Healing,3,0,11
16241,zzOLDAncestral Healing,4,0,11
16242,zzOLDAncestral Healing,5,0,11
16251,zzOLDTotemic Wrath,1,0,11
16252,Toughness,1,1,0
16253,Shield Specialization,1,1,0
16254,Anticipation,1,1,0
16255,Thundering Strikes,1,1,0
16256,Flurry,1,1,0
16257,Flurry,1,1,0
16258,Guardian Totems,1,0,11
16259,Enhancing Totems,1,0,11
16260,zzOLDImproved Grace of Air Totem,1,0,11
16261,Improved Lightning Shield,1,0,11
16262,Improved Ghost Wolf,1,0,11
16263,zzOLDImproved Flametongue Weapon,1,0,11
16264,zzOLDImproved Frostbrand Weapon,1,0,11
16265,zzOLDImproved Rockbiter Weapon,1,0,11
16266,Elemental Weapons,1,0,11
16271,Anticipation,2,1,0
16272,Anticipation,3,1,0
16273,Anticipation,4,1,0
16274,Anticipation,5,1,0
16277,Flurry,2,1,0
16278,Flurry,3,1,0
16279,Flurry,4,1,0
16280,Flurry,5,1,0
16281,Flurry,2,1,0
16282,Flurry,3,1,0
16283,Flurry,4,1,0
16284,Flurry,5,1,0
16285,zzOLDImproved Flametongue Weapon,2,0,11
16286,zzOLDImproved Frostbrand Weapon,2,0,11
16287,Improved Ghost Wolf,2,0,11
16288,zzOLDImproved Grace of Air Totem,2,0,11
16289,zzOLDImproved Grace of Air Totem,3,0,11
16290,Improved Lightning Shield,2,0,11
16291,Improved Lightning Shield,3,0,11
16292,zzOLDImproved Rockbiter Weapon,2,0,11
16293,Guardian Totems,2,0,11
16294,zzOLDImproved Stoneskin Totem,3,0,11
16295,Enhancing Totems,2,0,11
16296,zzOLDImproved Strength of Earth Totem,3,0,11
16297,zzOLDImproved Windfury Weapon,2,0,11
16298,Shield Specialization,2,1,0
16299,Shield Specialization,3,1,0
16300,Shield Specialization,4,1,0
16301,Shield Specialization,5,1,0
16302,Thundering Strikes,2,1,0
16303,Thundering Strikes,3,1,0
16304,Thundering Strikes,4,1,0
16305,Thundering Strikes,5,1,0
16306,Toughness,2,1,0
16307,Toughness,3,1,0
16308,Toughness,4,1,0
16309,Toughness,5,1,0
16311,Rockbiter Weapon (Passive),5,34,11
16312,Rockbiter Weapon (Passive),6,44,11
16313,Rockbiter Weapon (Passive),7,54,11
16314,Rockbiter Weapon,5,34,0
16315,Rockbiter Weapon,6,44,0
16316,Rockbiter Weapon,7,54,0
16317,Rockbiter Weapon,6,0,0
16318,Rockbiter Weapon,7,0,0
16339,Flametongue Weapon,4,36,0
16341,Flametongue Weapon,5,46,0
16342,Flametongue Weapon,6,56,0
16343,Flametongue Weapon Proc,5,46,11
16344,Flametongue Weapon Proc,6,56,11
16347,Flametongue Weapon,5,0,0
16348,Flametongue Weapon,6,0,0
16352,Frostbrand Attack,4,48,11
16353,Frostbrand Attack,5,58,11
16355,Frostbrand Weapon,4,48,0
16356,Frostbrand Weapon,5,58,0
16357,Frostbrand Weapon,4,0,0
16358,Frostbrand Weapon,5,0,0
16361,Windfury Weapon,4,60,11
16362,Windfury Weapon,4,60,11
16363,Windfury Weapon,4,0,0
16387,Flametongue Totem,4,58,11
16388,Flametongue Totem Passive,4,58,0
16389,Flametongue Totem Proc,4,58,11
16394,Flametongue Totem,4,0,0
16395,zzOLDTotemic Wrath,2,0,11
16397,zzOLDTotemic Wrath,3,0,11
16398,zzOLDTotemic Wrath,4,0,11
16399,zzOLDTotemic Wrath,5,0,11
16462,Deflection,1,0,0
16463,Deflection,2,0,0
16464,Deflection,3,0,0
16465,Deflection,4,0,0
16466,Deflection,5,0,0
16487,Blood Craze,1,0,0
16489,Blood Craze,2,0,0
16492,Blood Craze,3,0,0
16493,Impale,1,0,4
16494,Impale,2,0,4
16503,zzOLDInitiative,4,0,8
16504,zzOLDInitiative,5,0,8
16511,Hemorrhage,1,30,8
16513,Vile Poisons,1,0,8
16514,Vile Poisons,2,0,8
16515,Vile Poisons,3,0,8
16538,One-Handed Weapon Specialization,1,1,0
16539,One-Handed Weapon Specialization,2,1,0
16540,One-Handed Weapon Specialization,3,1,0
16541,One-Handed Weapon Specialization,4,1,0
16542,One-Handed Weapon Specialization,5,1,0
16544,Improved Fire Totems,2,0,11
16546,zzOLDImproved Grounding Totem,1,0,11
16547,zzOLDImproved Grounding Totem,2,0,11
16550,Bonespike,1,1,0
16572,Shoot,1,1,0
16578,Lightning Mastery,1,0,11
16579,Lightning Mastery,2,0,11
16580,Lightning Mastery,3,0,11
16581,Lightning Mastery,4,0,11
16582,Lightning Mastery,5,0,11
16603,Demonfork,1,60,0
16617,Lionheart,1,0,0
16689,Nature's Grasp,1,10,7
16697,Cower,6,55,0
16698,Cower,6,55,0
16719,Vile Poisons,4,0,8
16720,Vile Poisons,5,0,8
16723,Hold Rifle,1,1,0
16734,Arcane Mastery,1,0,0
16735,Arcane Mastery,2,0,0
16736,Arcane Mastery,3,0,0
16737,Arcane Mastery,4,0,0
16738,Arcane Mastery,5,0,0
16756,Unsheathe Rifle,1,1,0
16757,Arctic Reach,1,0,3
16758,Arctic Reach,2,0,3
16763,Improved Frostbolt,3,1,3
16765,Improved Frostbolt,4,1,3
16766,Improved Frostbolt,5,1,3
16767,Shoot,1,1,0
16768,Shoot,1,1,0
16769,Improved Arcane Missiles,4,1,3
16770,Improved Arcane Missiles,5,1,3
16772,Shoot,1,1,0
16773,zzOLDArcane Instability,4,99,3
16774,zzOLDArcane Instability,5,99,3
16775,Shoot,1,1,0
16776,Shoot,1,1,0
16777,Shoot,1,1,0
16778,Shoot,1,1,0
16779,Shoot,1,1,0
16780,Shoot,1,1,0
16810,Nature's Grasp,2,18,7
16811,Nature's Grasp,3,28,7
16812,Nature's Grasp,4,38,7
16813,Nature's Grasp,5,48,7
16814,Improved Wrath,1,0,7
16815,Improved Wrath,2,0,7
16816,Improved Wrath,3,0,7
16817,Improved Wrath,4,0,7
16818,Improved Wrath,5,0,7
16819,Nature's Reach,1,0,7
16820,Nature's Reach,2,0,7
16821,Improved Moonfire,1,0,7
16822,Improved Moonfire,2,0,7
16823,Improved Moonfire,3,0,7
16824,Improved Moonfire,4,0,7
16825,Improved Moonfire,5,0,7
16827,Claw,1,1,0
16828,Claw,2,8,0
16829,Claw,3,16,0
16830,Claw,4,24,0
16831,Claw,5,32,0
16832,Claw,6,40,0
16833,Natural Shapeshifter,1,0,7
16834,Natural Shapeshifter,2,0,7
16835,Natural Shapeshifter,3,0,7
16836,Improved Thorns,1,0,7
16839,Improved Thorns,2,0,7
16840,Improved Thorns,3,0,7
16841,zzOLDImproved Thorns,4,0,7
16842,zzOLDImproved Thorns,5,0,7
16845,Moonglow,1,0,7
16846,Moonglow,2,0,7
16847,Moonglow,3,0,7
16848,zzOLDMoonglow,4,0,7
16849,zzOLDMoonglow,5,0,7
16850,Improved Starfire,1,0,7
16855,zzOLDFaerie Fire (Bear),1,20,7
16857,Faerie Fire (Feral),1,25,7
16858,Feral Aggression,1,0,7
16859,Feral Aggression,2,0,7
16860,Feral Aggression,3,0,7
16861,Feral Aggression,4,0,7
16862,Feral Aggression,5,0,7
16873,Holy Word: Fortitude,6,60,6
16874,Shadow Protection,3,56,6
16875,Divine Spirit,3,54,6
16876,Arcane Intellect,5,56,3
16877,Thorns,6,54,7
16878,Mark of the Wild,7,60,0
16891,Shadow Protection ,3,0,0
16892,Holy Protection ,1,0,0
16893,Nature Protection ,5,0,0
16894,Fire Protection,4,0,0
16895,Frost Protection ,5,0,0
16896,Moonfury,1,0,7
16897,Moonfury,2,0,7
16899,Moonfury,3,0,7
16900,Moonfury,4,0,7
16901,Moonfury,5,0,7
16902,Natural Weapons,1,0,0
16903,Natural Weapons,2,0,0
16904,Natural Weapons,3,0,0
16905,Natural Weapons,4,0,0
16906,Natural Weapons,5,0,0
16909,Vengeance,1,0,7
16910,Vengeance,2,0,7
16911,Vengeance,3,0,7
16912,Vengeance,4,0,7
16913,Vengeance,5,0,7
16914,Hurricane,1,40,7
16915,Hurricane,2,0,0
16918,Improved Entangling Roots,1,0,7
16919,Improved Entangling Roots,2,0,7
16920,Improved Entangling Roots,3,0,7
16923,Improved Starfire,2,0,7
16924,Improved Starfire,3,0,7
16925,Improved Starfire,4,0,7
16926,Improved Starfire,5,0,7
16929,Thick Hide,1,0,0
16930,Thick Hide,2,0,0
16931,Thick Hide,3,0,0
16932,Thick Hide,4,0,0
16933,Thick Hide,5,0,0
16934,Ferocity,1,0,7
16935,Ferocity,2,0,7
16936,Ferocity,3,0,7
16937,Ferocity,4,0,7
16938,Ferocity,5,0,7
16940,Brutal Impact,1,0,7
16941,Brutal Impact,2,0,7
16942,Sharpened Claws,1,0,0
16943,Sharpened Claws,2,0,0
16944,Sharpened Claws,3,0,0
16945,zzOLDSharpened Claws,4,0,0
16946,zzOLDSharpened Claws,5,0,0
16947,Feral Instinct,1,0,7
16948,Feral Instinct,2,0,7
16949,Feral Instinct,3,0,7
16950,Feral Instinct,4,0,7
16951,Feral Instinct,5,0,7
16952,Blood Frenzy,1,0,7
16954,Blood Frenzy,2,0,7
16955,zzOLDBlood Frenzy,3,0,7
16956,zzOLDBlood Frenzy,4,0,7
16957,zzOLDBlood Frenzy,5,0,7
16958,Primal Fury,1,0,0
16959,Primal Fury,1,0,0
16961,Primal Fury,2,0,0
16962,zzOLDPrimal Fury,3,0,0
16963,zzOLDPrimal Fury,4,0,0
16964,zzOLDPrimal Fury,5,0,0
16966,Improved Shred,1,0,7
16968,Improved Shred,2,0,7
16972,Predatory Strikes,1,0,7
16974,Predatory Strikes,2,0,7
16975,Predatory Strikes,3,0,7
16976,zzOLDPredatory Strikes,4,0,7
16977,zzOLDPredatory Strikes,5,0,7
16982,Orb of Fire,1,45,0
16998,Savage Fury,1,0,7
16999,Savage Fury,2,0,7
17000,zzOLDImproved Pounce,1,0,7
17001,zzOLDImproved Pounce,2,0,7
17003,Heart of the Wild,1,0,0
17004,Heart of the Wild,2,0,0
17005,Heart of the Wild,3,0,0
17006,Heart of the Wild,4,0,0
17050,Improved Mark of the Wild,1,0,7
17051,Improved Mark of the Wild,2,0,7
17053,Improved Mark of the Wild,3,0,7
17054,Improved Mark of the Wild,4,0,7
17055,Improved Mark of the Wild,5,0,7
17056,Furor,1,0,7
17058,Furor,2,0,7
17059,Furor,3,0,7
17060,Furor,4,0,7
17061,Furor,5,0,7
17063,Nature's Focus,1,0,7
17065,Nature's Focus,2,0,7
17066,Nature's Focus,3,0,7
17067,Nature's Focus,4,0,7
17068,Nature's Focus,5,0,7
17069,Improved Healing Touch,1,0,7
17070,Improved Healing Touch,2,0,7
17071,Improved Healing Touch,3,0,7
17072,Improved Healing Touch,4,0,7
17073,Improved Healing Touch,5,0,7
17074,Improved Regrowth,1,0,7
17075,Improved Regrowth,2,0,7
17076,Improved Regrowth,3,0,7
17077,Improved Regrowth,4,0,7
17078,Improved Regrowth,5,0,7
17079,Improved Enrage,1,0,7
17080,Improved Enrage,1,0,0
17081,Improved Enrage,2,0,0
17082,Improved Enrage,2,0,7
17083,zzOLDImproved Enrage,3,0,0
17084,zzOLDImproved Enrage,3,0,7
17098,zzOLDIntensity,1,0,7
17100,zzOLDIntensity,2,0,7
17101,zzOLDIntensity,3,0,7
17102,zzOLDIntensity,4,0,7
17103,zzOLDIntensity,5,0,7
17104,Gift of Nature,1,0,7
17106,Reflection,1,0,0
17107,Reflection,2,0,0
17108,Reflection,3,0,0
17109,zzOLDReflection,4,0,0
17110,zzOLDReflection,5,0,0
17111,Improved Rejuvenation,1,0,7
17112,Improved Rejuvenation,2,0,7
17113,Improved Rejuvenation,3,0,7
17114,Improved Rejuvenation,4,0,7
17115,Improved Rejuvenation,5,0,7
17118,Subtlety,1,0,7
17119,Subtlety,2,0,7
17120,Subtlety,3,0,7
17121,Subtlety,4,0,7
17122,Subtlety,5,0,7
17123,Improved Tranquility,1,0,7
17124,Improved Tranquility,2,0,7
17154,The Green Tower,1,45,7
17191,Improved Renew,3,0,6
17192,zzOLDImproved Renew,4,0,6
17193,zzOLDImproved Renew,5,0,6
17233,Lay on Hands,1,10,0
17245,Improved Nature's Grasp,1,0,7
17247,Improved Nature's Grasp,2,0,7
17248,Improved Nature's Grasp,3,0,7
17249,Improved Nature's Grasp,4,0,7
17253,Bite,1,1,0
17254,Bite,1,1,0
17255,Bite,2,8,0
17256,Bite,3,16,0
17257,Bite,4,24,0
17258,Bite,5,32,0
17259,Bite,6,40,0
17260,Bite,7,48,0
17261,Bite,8,56,0
17262,Bite,2,8,0
17263,Bite,3,16,0
17264,Bite,4,24,0
17265,Bite,5,32,0
17266,Bite,6,40,0
17267,Bite,7,48,0
17268,Bite,8,56,0
17311,Mind Flay,2,28,6
17312,Mind Flay,3,36,6
17313,Mind Flay,4,44,6
17314,Mind Flay,5,52,6
17316,Mind Flay,3,0,0
17317,Mind Flay,4,0,0
17318,Mind Flay,5,0,0
17322,Shadow Reach,1,0,6
17323,Shadow Reach,2,0,6
17325,Shadow Reach,3,0,6
17329,Nature's Grasp,6,58,7
17333,Spider's Kiss,1,60,0
17347,Hemorrhage,2,46,8
17348,Hemorrhage,3,58,8
17351,Argent Dawn,1,55,0
17354,Mana Tide Totem,2,48,11
17355,Mana Tide,2,48,11
17356,zzOLDMana Tide,2,48,0
17357,zzOLDMana Tide,2,48,0
17358,zzOLDMana Tide,3,58,0
17359,Mana Tide Totem,3,58,11
17360,Mana Tide,3,58,11
17361,zzOLDMana Tide,3,58,0
17362,Mana Tide Totem,2,0,0
17363,Mana Tide Totem,3,0,0
17364,Stormstrike,1,40,0
17373,Nature's Grasp,3,0,0
17374,Nature's Grasp,4,0,0
17375,Nature's Grasp,5,0,0
17376,Nature's Grasp,6,0,0
17387,zzOLDFaerie Fire (Bear),2,30,7
17388,zzOLDFaerie Fire (Bear),3,42,7
17389,zzOLDFaerie Fire (Bear),4,54,7
17390,Faerie Fire (Feral),2,30,7
17391,Faerie Fire (Feral),3,42,7
17392,Faerie Fire (Feral),4,54,7
17394,zzOLDFaerie Fire (Bear),3,0,0
17395,zzOLDFaerie Fire (Bear),4,0,0
17396,Faerie Fire (Feral),3,0,0
17397,Faerie Fire (Feral),4,0,0
17401,Hurricane,2,50,7
17402,Hurricane,3,60,7
17406,Hurricane,3,0,0
17427,Combat Endurance,1,1,0
17428,Combat Endurance,2,1,0
17429,Combat Endurance,3,1,0
17485,Ancestral Knowledge,1,0,0
17486,Ancestral Knowledge,2,0,0
17487,Ancestral Knowledge,3,0,0
17488,Ancestral Knowledge,4,0,0
17489,Ancestral Knowledge,5,0,0
17491,zzOLDTyranny,1,60,4
17545,Holy Protection ,6,0,13
17735,Suffering,1,24,5
17736,Suffering,1,0,0
17750,Suffering,2,36,5
17751,Suffering,3,48,5
17752,Suffering,4,60,5
17753,Suffering,2,0,0
17754,Suffering,3,0,0
17755,Suffering,4,0,0
17767,Consume Shadows,1,18,5
17776,Consume Shadows,1,0,0
17778,Cataclysm,1,0,5
17779,Cataclysm,2,0,5
17780,Cataclysm,3,0,5
17781,Cataclysm,4,0,5
17782,Cataclysm,5,0,5
17783,Fel Concentration,1,0,5
17784,Fel Concentration,2,0,5
17785,Fel Concentration,3,0,5
17786,Fel Concentration,4,0,5
17787,Fel Concentration,5,0,5
17788,Bane,1,0,5
17789,Bane,2,0,5
17790,Bane,3,0,5
17791,Bane,4,0,5
17792,Bane,5,0,5
17793,Improved Shadow Bolt,1,0,5
17796,Improved Shadow Bolt,2,0,5
17801,Improved Shadow Bolt,3,0,5
17802,Improved Shadow Bolt,4,0,5
17803,Improved Shadow Bolt,5,0,5
17804,Improved Drain Life,1,0,5
17805,Improved Drain Life,2,0,5
17806,Improved Drain Life,3,0,5
17807,Improved Drain Life,4,0,5
17808,Improved Drain Life,5,0,5
17810,Improved Corruption,1,0,5
17811,Improved Corruption,2,0,5
17812,Improved Corruption,3,0,5
17813,Improved Corruption,4,0,5
17814,Improved Corruption,5,0,5
17815,Improved Immolate,1,0,5
17833,Improved Immolate,2,0,5
17834,Improved Immolate,3,0,5
17835,Improved Immolate,4,0,5
17836,Improved Immolate,5,0,5
17850,Consume Shadows,2,26,5
17851,Consume Shadows,3,34,5
17852,Consume Shadows,4,42,5
17853,Consume Shadows,5,50,5
17854,Consume Shadows,6,58,5
17855,Consume Shadows,2,0,0
17856,Consume Shadows,3,0,0
17857,Consume Shadows,4,0,0
17859,Consume Shadows,5,0,0
17860,Consume Shadows,6,0,0
17862,Curse of Shadow,1,44,5
17864,Improved Drain Mana,1,0,5
17865,Curse of Shadow,1,0,0
17877,Shadowburn,1,20,5
17917,Destructive Reach,1,0,5
17918,Destructive Reach,2,0,5
17919,Searing Pain,2,26,5
17920,Searing Pain,3,34,5
17921,Searing Pain,4,42,5
17922,Searing Pain,5,50,5
17923,Searing Pain,6,58,5
17924,Soul Fire,2,56,5
17925,Death Coil,2,50,5
17926,Death Coil,3,58,5
17927,Improved Searing Pain,1,0,5
17928,Howl of Terror,2,54,5
17929,Improved Searing Pain,2,0,5
17930,Improved Searing Pain,3,0,5
17931,Improved Searing Pain,4,0,5
17932,Improved Searing Pain,5,0,5
17937,Curse of Shadow,2,56,5
17938,Curse of Shadow,2,0,0
17945,Firestone Passive,2,36,0
17947,Firestone Passive,3,46,0
17949,Firestone Passive,4,56,0
17954,Emberstorm,1,0,5
17955,Emberstorm,2,0,5
17956,Emberstorm ,3,0,5
17957,Emberstorm ,4,0,5
17958,Emberstorm ,5,0,5
17959,Ruin,1,0,5
17962,Conflagrate,1,40,5
17967,zzOLDCurse of Doom Threat,1,60,0
18073,Pyroclasm,2,0,5
18081,Lightning Bolt,1,28,0
18089,Lightning Bolt,1,30,0
18094,Nightfall,1,1,5
18095,Nightfall,2,1,5
18096,Pyroclasm,1,0,5
18101,Chilled,1,1,3
18119,Aftermath,1,0,5
18120,Aftermath,2,0,5
18121,Aftermath,3,0,5
18122,Aftermath,4,0,5
18123,Aftermath,5,0,5
18126,Improved Firebolt,1,0,5
18127,Improved Firebolt,2,0,5
18128,Improved Lash of Pain,1,0,5
18129,Improved Lash of Pain,2,0,5
18130,Devastation,1,0,5
18131,Devastation,2,0,5
18132,Devastation,3,0,5
18133,Devastation,4,0,5
18134,Devastation,5,0,5
18135,Intensity,1,0,5
18136,Intensity,2,0,5
18137,Shadowguard,1,20,6
18154,Searing Pain,2,0,0
18155,Searing Pain,3,0,0
18156,Searing Pain,4,0,0
18157,Searing Pain,5,0,0
18158,Searing Pain,6,0,0
18160,Soul Fire,2,0,0
18161,Death Coil,2,0,0
18162,Death Coil,3,0,0
18169,Howl of Terror,2,0,0
18174,Suppression,1,0,5
18175,Suppression,2,0,5
18176,Suppression,3,0,5
18177,Suppression,4,0,5
18178,Suppression,5,0,5
18179,Improved Curse of Weakness,1,0,5
18180,Improved Curse of Weakness,2,0,5
18181,Improved Curse of Weakness,3,0,5
18182,Improved Life Tap,1,0,5
18183,Improved Life Tap,2,0,5
18187,Firebolt,1,24,0
18189,TEST Arcane Concentration,5,1,3
18213,Improved Drain Soul,1,0,5
18218,Grim Reach,1,0,5
18219,Grim Reach,2,0,5
18220,Dark Pact,1,40,5
18235,zzOLDCurse of Agony,1,8,5
18236,zzOLDCurse of Agony,1,8,5
18237,zzOLDCurse of Agony (TEST2),1,8,5
18265,Siphon Life,1,30,5
18271,Shadow Mastery,1,0,5
18272,Shadow Mastery,2,0,5
18273,Shadow Mastery,3,0,5
18274,Shadow Mastery,4,0,5
18275,Shadow Mastery,5,0,5
18278,Silence,1,60,0
18279,zzOLDCurse of Agony (TEST),1,8,5
18280,ZZOLDCurse of Agony Dummy,1,10,5
18310,Improved Curse of Exhaustion,1,0,5
18311,Improved Curse of Exhaustion,2,0,5
18312,Improved Curse of Exhaustion,3,0,5
18313,Improved Curse of Exhaustion,4,0,5
18372,Improved Drain Soul,2,0,5
18381,Cripple,1,18,4
18393,Improved Drain Mana,2,0,5
18394,Drain Mana,1,0,5
18427,Aggression,1,0,8
18428,Aggression,2,0,8
18429,Aggression,3,0,8
18459,Incinerate,1,0,3
18460,Incinerate,2,0,3
18462,Arcane Meditation,1,0,0
18463,Arcane Meditation,2,0,0
18464,Arcane Meditation,3,0,0
18465,zzOLDArcane Meditation,4,0,0
18466,zzOLDArcane Meditation,5,0,0
18467,zzOLDImproved Arcane Explosion,4,1,3
18468,zzOLDImproved Arcane Explosion,5,1,3
18530,Divine Fury,1,0,6
18531,Divine Fury,2,0,6
18533,Divine Fury,3,0,6
18534,Divine Fury,4,0,6
18535,Divine Fury,5,0,6
18538,zzOLDImproved Smite,4,0,6
18539,zzOLDImproved Smite,5,0,6
18544,Force of Will,1,0,6
18547,Force of Will,2,0,6
18548,Force of Will,3,0,6
18549,Force of Will,4,0,6
18550,Force of Will,5,0,6
18551,Mental Strength,1,0,0
18552,Mental Strength,2,0,0
18553,Mental Strength,3,0,0
18554,Mental Strength,4,0,0
18555,Mental Strength,5,0,0
18608,First Aid,9,0,0
18610,First Aid,10,0,0
18647,Banish,2,48,5
18648,Banish,2,0,0
18657,Hibernate,2,38,7
18658,Hibernate,3,58,7
18659,Hibernate,2,0,0
18660,Hibernate,3,0,0
18692,Improved Healthstone,1,0,5
18693,Improved Healthstone,2,0,5
18694,Improved Imp,1,0,5
18695,Improved Imp,2,0,5
18696,Improved Imp,3,0,5
18697,Demonic Embrace,1,0,0
18698,Demonic Embrace,2,0,0
18699,Demonic Embrace,3,0,0
18700,Demonic Embrace,4,0,0
18701,Demonic Embrace,5,0,0
18703,Improved Health Funnel,1,0,5
18704,Improved Health Funnel,2,0,5
18705,Improved Voidwalker,1,0,5
18706,Improved Voidwalker,2,0,5
18707,Improved Voidwalker,3,0,5
18709,Master Summoner,1,0,5
18710,Master Summoner,2,0,5
18731,Fel Intellect,1,0,5
18734,zzOLDCurse of Doom Aura,1,60,0
18743,Fel Intellect,2,0,5
18744,Fel Intellect,3,0,5
18745,Fel Intellect,4,0,5
18746,Fel Intellect,5,0,5
18748,Fel Stamina,1,0,5
18749,Fel Stamina,2,0,5
18750,Fel Stamina,3,0,5
18751,Fel Stamina,4,0,5
18752,Fel Stamina,5,0,5
18754,Improved Succubus,1,0,5
18755,Improved Succubus,2,0,5
18756,Improved Succubus,3,0,5
18757,Master Conjuror,1,0,5
18758,Master Conjuror,2,0,5
18764,Fungal Regrowth,1,25,0
18767,Improved Firestone,1,0,5
18768,Improved Firestone,2,0,5
18769,Unholy Power,1,0,5
18770,Unholy Power,2,0,5
18771,Unholy Power,3,0,5
18772,Unholy Power,4,0,5
18773,Unholy Power,5,0,5
18774,Improved Spellstone,1,0,5
18775,Improved Spellstone,2,0,5
18806,Holy Fire,8,0,0
18807,Mind Flay,6,60,6
18808,Mind Flay,6,0,0
18809,Pyroblast,8,60,3
18821,Improved Enslave Demon,1,0,5
18822,Improved Enslave Demon,2,0,5
18823,Improved Enslave Demon,3,0,5
18824,Improved Enslave Demon,4,0,5
18825,Improved Enslave Demon,5,0,5
18827,Improved Curse of Agony,1,0,5
18829,Improved Curse of Agony,2,0,5
18830,Improved Curse of Agony,3,0,5
18831,Conjure Lily Root,1,50,0
18867,Shadowburn,2,24,5
18868,Shadowburn,3,32,5
18869,Shadowburn,4,40,5
18870,Shadowburn,5,48,5
18871,Shadowburn,6,56,5
18872,Shadowburn,2,0,0
18875,Shadowburn,3,0,0
18876,Shadowburn,4,0,0
18877,Shadowburn,5,0,0
18878,Shadowburn,6,0,0
18879,Siphon Life,2,38,5
18880,Siphon Life,3,48,5
18881,Siphon Life,4,58,5
18927,Siphon Life,2,0,0
18928,Siphon Life,3,0,0
18929,Siphon Life,4,0,0
18930,Conflagrate,2,48,5
18931,Conflagrate,3,54,5
18932,Conflagrate,4,60,5
18933,Conflagrate,2,0,0
18934,Conflagrate,3,0,0
18935,Conflagrate,4,0,0
18937,Dark Pact,2,50,5
18938,Dark Pact,3,60,5
18939,Dark Pact,2,0,0
18940,Dark Pact,3,0,0
18980,Lightning,1,24,0
18984,Heal on Kill,1,24,0
18985,Resist Silence,1,50,0
19151,Humanoid Slaying,1,0,0
19152,Humanoid Slaying,2,0,0
19153,Humanoid Slaying,3,0,0
19154,zzOLDPrecision,4,0,0
19155,zzOLDPrecision,5,0,0
19159,Savage Strikes,1,0,9
19160,Savage Strikes,2,0,9
19162,zzOLDKiller Instinct,3,0,9
19163,zzOLDKiller Instinct,4,0,9
19165,zzOLDKiller Instinct,5,0,9
19168,Lightning Reflexes,1,0,0
19180,Lightning Reflexes,2,0,0
19181,Lightning Reflexes,3,0,0
19184,Entrapment,1,0,9
19228,Improved Wing Clip,1,0,9
19232,Improved Wing Clip,2,0,9
19233,Improved Wing Clip,3,0,9
19234,Improved Wing Clip,4,0,9
19235,Improved Wing Clip,5,0,9
19236,Desperate Prayer,2,18,6
19238,Desperate Prayer,3,26,6
19239,Clever Traps,1,0,9
19240,Desperate Prayer,4,34,6
19241,Desperate Prayer,5,42,6
19242,Desperate Prayer,6,50,6
19243,Desperate Prayer,7,58,6
19244,Spell Lock,1,36,5
19245,Clever Traps,2,0,9
19246,zzOLDImproved Immolation Trap,3,0,9
19247,zzOLDImproved Immolation Trap,4,0,9
19248,zzOLDImproved Immolation Trap,5,0,9
19249,Touch of Weakness,2,20,6
19251,Touch of Weakness,3,30,6
19252,Touch of Weakness,4,40,6
19253,Touch of Weakness,5,50,6
19254,Touch of Weakness,6,60,6
19255,Survivalist,1,0,9
19256,Survivalist,2,0,9
19257,Survivalist,3,0,9
19258,Survivalist,4,0,9
19259,Survivalist,5,0,9
19261,Touch of Weakness,2,20,6
19262,Touch of Weakness,3,30,6
19264,Touch of Weakness,4,40,6
19265,Touch of Weakness,5,50,6
19266,Touch of Weakness,6,60,6
19267,Feedback,2,30,0
19268,Feedback,3,40,0
19269,Feedback,4,50,0
19270,Feedback,5,60,0
19271,Feedback,2,30,6
19273,Feedback,3,40,6
19274,Feedback,4,50,6
19275,Feedback,5,60,6
19276,Devouring Plague,2,28,6
19277,Devouring Plague,3,36,6
19278,Devouring Plague,4,44,6
19279,Devouring Plague,5,52,6
19280,Devouring Plague,6,60,6
19281,Hex of Weakness,2,20,6
19282,Hex of Weakness,3,30,6
19283,Hex of Weakness,4,40,6
19284,Hex of Weakness,5,50,6
19285,Hex of Weakness,6,60,6
19286,Improved Feign Death,1,0,9
19287,Improved Feign Death,2,0,9
19288,zzOLDImproved Freezing Trap,3,0,9
19289,Elune's Grace,2,30,6
19290,Surefooted,1,0,9
19291,Elune's Grace,3,40,6
19292,Elune's Grace,4,50,6
19293,Elune's Grace,5,60,6
19294,Surefooted,2,0,9
19295,Deflection,1,0,0
19296,Starshards,2,18,6
19297,Deflection,2,0,0
19298,Deflection,3,0,0
19299,Starshards,3,26,6
19300,Deflection,5,0,0
19301,Deflection,4,0,0
19302,Starshards,4,34,6
19303,Starshards,5,42,6
19304,Starshards,6,50,6
19305,Starshards,7,58,6
19306,Counterattack,1,30,9
19308,Shadowguard,2,28,6
19309,Shadowguard,3,36,6
19310,Shadowguard,4,44,6
19311,Shadowguard,5,52,6
19312,Shadowguard,6,60,6
19313,Devouring Plague,2,0,0
19314,Devouring Plague,3,0,0
19315,Devouring Plague,4,0,0
19316,Devouring Plague,5,0,0
19317,Devouring Plague,6,0,0
19318,Touch of Weakness,1,0,0
19320,Touch of Weakness,2,0,0
19321,Touch of Weakness,3,0,0
19322,Touch of Weakness,4,0,0
19323,Touch of Weakness,5,0,0
19324,Touch of Weakness,6,0,0
19325,Hex of Weakness,1,0,0
19326,Hex of Weakness,2,0,0
19327,Hex of Weakness,3,0,0
19328,Hex of Weakness,4,0,0
19329,Hex of Weakness,5,0,0
19330,Hex of Weakness,6,0,0
19331,Shadowguard,1,0,0
19332,Shadowguard,2,0,0
19333,Shadowguard,3,0,0
19334,Shadowguard,4,0,0
19335,Shadowguard,5,0,0
19336,Shadowguard,6,0,0
19338,Desperate Prayer,1,0,0
19339,Desperate Prayer,2,0,0
19340,Desperate Prayer,3,0,0
19341,Desperate Prayer,4,0,0
19342,Desperate Prayer,5,0,0
19343,Desperate Prayer,6,0,0
19344,Desperate Prayer,7,0,0
19345,Feedback,1,0,0
19346,Feedback,2,0,0
19347,Feedback,3,0,0
19348,Feedback,4,0,0
19349,Feedback,5,0,0
19350,Starshards,1,0,0
19351,Starshards,2,0,0
19352,Starshards,3,0,0
19353,Starshards,4,0,0
19354,Starshards,5,0,0
19355,Starshards,6,0,0
19356,Starshards,7,0,0
19357,Elune's Grace,1,0,0
19358,Elune's Grace,2,0,0
19359,Elune's Grace,3,0,0
19360,Elune's Grace,4,0,0
19361,Elune's Grace,5,0,0
19370,Killer Instinct,1,0,0
19371,Killer Instinct,2,0,0
19373,Killer Instinct,3,0,0
19374,zzOLDKiller Instinct,4,0,0
19375,zzOLDKiller Instinct,5,0,0
19376,Trap Mastery,1,0,9
19377,Trap Mastery,2,0,9
19378,zzOLDImproved Explosive Trap,1,0,9
19379,zzOLDImproved Explosive Trap,2,0,9
19381,Melee Specialization,1,0,0
19382,Melee Specialization,2,0,0
19383,Melee Specialization,3,0,0
19384,Melee Specialization,4,0,0
19385,Melee Specialization,5,0,0
19386,Wyvern Sting,1,40,9
19387,Entrapment,2,0,9
19388,Entrapment,3,0,9
19389,Entrapment,4,0,9
19390,Entrapment,5,0,9
19407,Improved Concussive Shot,1,0,9
19412,Improved Concussive Shot,2,0,9
19413,Improved Concussive Shot,3,0,9
19414,Improved Concussive Shot,4,0,9
19415,Improved Concussive Shot,5,0,9
19416,Efficiency,1,0,9
19417,Efficiency,2,0,9
19418,Efficiency,3,0,9
19419,Efficiency,4,0,9
19420,Efficiency,5,0,9
19421,Improved Hunter's Mark,1,0,9
19422,Improved Hunter's Mark,2,0,9
19423,Improved Hunter's Mark,3,0,9
19424,Improved Hunter's Mark,4,0,9
19425,Improved Hunter's Mark,5,0,9
19426,Lethal Shots,1,0,0
19427,Lethal Shots,2,0,0
19429,Lethal Shots,3,0,0
19430,Lethal Shots,4,0,0
19431,Lethal Shots,5,0,0
19434,Aimed Shot,1,20,9
19438,Sacrifice,2,24,5
19439,Sacrifice,2,0,0
19440,Sacrifice,3,32,5
19441,Sacrifice,4,40,5
19442,Sacrifice,5,48,5
19443,Sacrifice,6,56,5
19444,Sacrifice,3,0,0
19445,Sacrifice,4,0,0
19446,Sacrifice,5,0,0
19447,Sacrifice,6,0,0
19454,Improved Arcane Shot,1,0,9
19455,Improved Arcane Shot,2,0,9
19456,Improved Arcane Shot,3,0,9
19457,Improved Arcane Shot,4,0,9
19458,Improved Arcane Shot,5,0,9
19461,Barrage,1,0,9
19462,Barrage,2,0,9
19464,Improved Serpent Sting,1,0,9
19465,Improved Serpent Sting,2,0,9
19466,Improved Serpent Sting,3,0,9
19467,Improved Serpent Sting,4,0,9
19468,Improved Serpent Sting,5,0,9
19474,Rain of Fire,1,60,5
19475,Rain of Fire,1,0,0
19476,Dispel Magic,1,60,5
19477,Dispel Magic,1,0,0
19478,Tainted Blood,1,32,0
19479,Tainted Blood Effect,1,32,0
19482,War Stomp,1,60,0
19483,Immolation,1,50,0
19485,Mortal Shots,1,0,9
19487,Mortal Shots,2,0,9
19488,Mortal Shots,3,0,9
19489,Mortal Shots,4,0,9
19490,Mortal Shots,5,0,9
19491,Improved Scorpid Sting,1,0,9
19493,Improved Scorpid Sting,2,0,9
19494,Improved Scorpid Sting,3,0,9
19498,Hawk Eye,1,0,9
19499,Hawk Eye,2,0,9
19500,Hawk Eye,3,0,9
19501,zzOLDSpell - Reuse 19501,1,30,9
19505,Devour Magic,1,30,5
19506,Trueshot Aura,1,40,0
19507,Ranged Weapon Specialization,1,0,0
19508,Ranged Weapon Specialization,2,0,0
19509,Ranged Weapon Specialization,3,0,0
19510,Ranged Weapon Specialization,4,0,0
19511,Ranged Weapon Specialization,5,0,9
19549,Improved Aspect of the Monkey,1,0,9
19550,Improved Aspect of the Monkey,2,0,9
19551,Improved Aspect of the Monkey,3,0,9
19552,Improved Aspect of the Hawk,1,0,9
19553,Improved Aspect of the Hawk,2,0,9
19554,Improved Aspect of the Hawk,3,0,9
19555,Improved Aspect of the Hawk,4,0,9
19556,Improved Aspect of the Hawk,5,0,9
19557,Improved Eyes of the Beast,1,0,9
19558,Improved Eyes of the Beast,2,0,9
19559,Pathfinding,1,0,9
19560,Pathfinding,2,0,9
19562,zzOLDPathfinding,4,0,9
19563,zzOLDPathfinding,5,0,9
19572,Improved Mend Pet,1,0,9
19573,Improved Mend Pet,2,0,9
19575,Improved Revive Pet,2,0,9
19578,Spirit Bond,1,0,0
19579,Spirit Bond,1,0,0
19583,Endurance Training,1,0,9
19584,Endurance Training,2,0,9
19585,Endurance Training,3,0,9
19586,Endurance Training,4,0,9
19587,Endurance Training,5,0,9
19590,Bestial Discipline,1,0,9
19592,Bestial Discipline,2,0,9
19598,Ferocity,1,0,9
19599,Ferocity,2,0,9
19600,Ferocity,3,0,9
19601,Ferocity,4,0,9
19602,Ferocity,5,0,9
19603,Bestial Fury,1,0,9
19605,Bestial Fury,2,0,9
19606,Bestial Fury,3,0,9
19607,Bestial Fury,4,0,9
19608,Bestial Fury,5,0,9
19609,Thick Hide,1,0,9
19610,Thick Hide,2,0,9
19611,zzOLDThick Hide,4,0,9
19612,Thick Hide,3,0,9
19613,zzOLDThick Hide,5,0,9
19615,Frenzy Effect,1,1,0
19616,Unleashed Fury,1,0,9
19617,Unleashed Fury,2,0,9
19618,Unleashed Fury,3,0,9
19619,Unleashed Fury,4,0,9
19620,Unleashed Fury,5,0,9
19621,Frenzy,1,0,9
19622,Frenzy,2,0,9
19623,Frenzy,3,0,9
19624,Frenzy,4,0,9
19625,Frenzy,5,0,9
19647,Spell Lock,2,52,5
19648,Spell Lock,1,0,0
19650,Spell Lock,2,0,0
19652,Tainted Blood Effect,2,40,0
19653,Tainted Blood Effect,3,48,0
19654,Tainted Blood Effect,4,56,0
19655,Tainted Blood,2,40,0
19656,Tainted Blood,3,48,0
19658,Devour Magic Effect,1,30,0
19660,Tainted Blood,4,56,0
19661,Tainted Blood,1,0,0
19662,Tainted Blood,2,0,0
19663,Tainted Blood,3,0,0
19664,Tainted Blood,4,0,0
19731,Devour Magic,2,38,5
19732,Devour Magic Effect,2,38,0
19733,Devour Magic Effect,3,46,0
19734,Devour Magic,3,46,5
19735,Devour Magic Effect,4,54,0
19736,Devour Magic,4,54,5
19737,Devour Magic,2,0,0
19738,Devour Magic,3,0,0
19739,Devour Magic,4,0,0
19740,Blessing of Might,1,4,10
19741,Blessing of Might,1,0,0
19742,Blessing of Wisdom,1,14,10
19743,Blessing of Wisdom,1,0,0
19744,zzOLDSeal of Light,1,99,10
19745,zzOLDSeal of Light,1,0,0
19750,Flash of Light,1,20,10
19751,Flash of Light,1,0,0
19834,Blessing of Might,2,12,10
19835,Blessing of Might,3,22,10
19836,Blessing of Might,4,32,10
19837,Blessing of Might,5,42,10
19838,Blessing of Might,6,52,10
19839,Blessing of Might,2,0,0
19840,Blessing of Might,3,0,0
19841,Blessing of Might,4,0,0
19842,Blessing of Might,5,0,0
19843,Blessing of Might,6,0,0
19850,Blessing of Wisdom,2,24,10
19852,Blessing of Wisdom,3,34,10
19853,Blessing of Wisdom,4,44,10
19854,Blessing of Wisdom,5,54,10
19855,Blessing of Wisdom,2,0,0
19856,Blessing of Wisdom,3,0,0
19857,Blessing of Wisdom,4,0,0
19858,Blessing of Wisdom,5,0,0
19870,Improved Intimidating Shout,1,0,4
19871,Improved Intimidating Shout,2,0,4
19874,Lightning Bolt,1,60,0
19876,Shadow Resistance Aura,1,28,10
19888,Frost Resistance Aura,1,32,10
19891,Fire Resistance Aura,1,36,10
19892,Shadow Resistance Aura,1,0,0
19893,Frost Resistance Aura,1,0,0
19894,Fire Resistance Aura,1,0,0
19895,Shadow Resistance Aura,2,40,10
19896,Shadow Resistance Aura,3,52,10
19897,Frost Resistance Aura,2,44,10
19898,Frost Resistance Aura,3,56,10
19899,Fire Resistance Aura,2,48,10
19900,Fire Resistance Aura,3,60,10
19904,Shadow Resistance Aura,2,0,0
19905,Shadow Resistance Aura,3,0,0
19906,Frost Resistance Aura,2,0,0
19907,Frost Resistance Aura,3,0,0
19908,Fire Resistance Aura,2,0,0
19909,Fire Resistance Aura,3,0,0
19939,Flash of Light,2,26,10
19940,Flash of Light,3,34,10
19941,Flash of Light,4,42,10
19942,Flash of Light,5,50,10
19943,Flash of Light,6,58,10
19944,Flash of Light,2,0,0
19945,Flash of Light,3,0,0
19946,Flash of Light,4,0,0
19947,Flash of Light,5,0,0
19948,Flash of Light,6,0,0
19970,Entangling Roots,6,58,7
19971,Entangling Roots,5,48,7
19972,Entangling Roots,4,38,7
19973,Entangling Roots,3,28,7
19974,Entangling Roots,2,18,7
19975,Entangling Roots,1,8,7
19976,zzOLDSeal of Light,2,99,10
19977,Blessing of Light,1,40,10
19978,Blessing of Light,2,50,10
19979,Blessing of Light,3,60,10
19994,zzOLDSeal of Light,2,0,0
19995,Blessing of Light,1,0,0
19996,Blessing of Light,2,0,0
19997,Blessing of Light,3,0,0
19998,zzOLDRetribution Aura,6,99,10
19999,zzOLDRetribution Aura,6,0,0
20042,Improved Blessing of Might,1,0,10
20043,Aspect of the Wild,1,46,9
20044,Aspect of the Wild,1,0,0
20045,Improved Blessing of Might,2,0,10
20046,Improved Blessing of Might,3,0,10
20047,Improved Blessing of Might,4,0,10
20048,Improved Blessing of Might,5,0,10
20049,Vengeance,1,0,0
20056,Vengeance,2,0,0
20057,Vengeance,3,0,0
20058,Vengeance,4,0,0
20059,Vengeance,5,0,0
20060,Deflection,1,0,0
20061,Deflection,2,0,0
20062,Deflection,3,0,0
20063,Deflection,4,0,0
20064,Deflection,5,0,0
20091,Improved Retribution Aura,1,0,10
20092,Improved Retribution Aura,2,0,10
20093,zzOLDImproved Retribution Aura,3,0,10
20094,zzOLDImproved Retribution Aura,4,0,10
20095,zzOLDImproved Retribution Aura,5,0,10
20096,Anticipation,1,1,0
20097,Anticipation,2,1,0
20098,Anticipation,3,1,0
20099,Anticipation,4,1,0
20100,Anticipation,5,1,0
20101,Benediction,1,0,10
20102,Benediction,2,0,10
20103,Benediction,3,0,10
20104,Benediction,4,0,10
20105,Benediction,5,0,10
20106,zzOLDImproved Blessing of Freedom,1,0,10
20107,zzOLDImproved Blessing of Freedom,2,0,10
20108,zzOLDImproved Blessing of Freedom,3,0,10
20109,zzOLDImproved Blessing of Freedom,4,0,10
20110,zzOLDImproved Blessing of Freedom,5,0,10
20111,Two-Handed Weapon Specialization,1,1,0
20112,Two-Handed Weapon Specialization,2,1,0
20113,Two-Handed Weapon Specialization,3,1,0
20116,Consecration,2,30,10
20117,Conviction,1,1,0
20118,Conviction,2,1,0
20119,Conviction,3,1,0
20120,Conviction,4,1,0
20121,Conviction,5,1,0
20127,Redoubt,1,0,0
20130,Redoubt,2,0,0
20135,Redoubt,3,0,0
20136,Redoubt,4,0,0
20137,Redoubt,5,0,0
20138,Improved Devotion Aura,1,0,10
20139,Improved Devotion Aura,2,0,10
20140,Improved Devotion Aura,3,0,10
20141,Improved Devotion Aura,4,0,10
20142,Improved Devotion Aura,5,0,10
20143,Toughness,1,1,0
20144,Toughness,2,1,0
20145,Toughness,3,1,0
20146,Toughness,4,1,0
20147,Toughness,5,1,0
20148,Shield Specialization,1,1,0
20149,Shield Specialization,2,1,0
20150,Shield Specialization,3,1,0
20151,zzOLDShield Specialization,4,1,0
20152,zzOLDShield Specialization,5,1,0
20153,Immolation,1,50,0
20154,Seal of Righteousness,1,1,10
20162,Seal of the Crusader,2,12,10
20163,zzOLDSeal of Fury,1,16,10
20165,Seal of Light,1,30,10
20166,Seal of Wisdom,1,38,10
20167,Seal of Light,1,30,10
20168,Seal of Wisdom,1,38,10
20169,zzOLDHoly Shield,1,30,10
20170,Stun,1,22,0
20174,Guardian's Favor,1,0,10
20175,Guardian's Favor,2,0,10
20177,Reckoning,1,0,0
20179,Reckoning,2,0,0
20180,Reckoning,4,0,0
20181,Reckoning,3,0,0
20182,Reckoning,5,0,0
20183,zzOLDJudgement of Fury,1,16,10
20184,Judgement of Justice,1,22,10
20185,Judgement of Light,1,30,10
20186,Judgement of Wisdom,1,38,10
20187,Judgement of Righteousness,1,1,10
20188,Judgement of the Crusader,2,12,10
20189,Precision,1,0,0
20190,Aspect of the Wild,2,56,9
20191,Aspect of the Wild,2,0,0
20192,Precision,2,0,0
20193,Precision,3,0,0
20194,Improved Blessing of Salvation,1,0,10
20195,Improved Blessing of Salvation,2,0,10
20196,One-Handed Weapon Specialization,1,1,0
20197,One-Handed Weapon Specialization,2,1,0
20198,One-Handed Weapon Specialization,3,1,0
20199,One-Handed Weapon Specialization,4,1,0
20200,One-Handed Weapon Specialization,5,1,0
20204,zzOLDBlessing of Sanctuary,1,20,10
20205,Spiritual Focus,1,0,10
20206,Spiritual Focus,2,0,10
20207,Spiritual Focus,3,0,10
20208,Spiritual Focus,5,0,10
20209,Spiritual Focus,4,0,10
20210,Illumination,1,0,10
20212,Illumination,2,0,10
20213,Illumination,3,0,10
20214,Illumination,4,0,10
20215,Illumination,5,0,10
20224,Improved Seal of Righteousness,1,0,10
20225,Improved Seal of Righteousness,2,0,10
20231,zzOLDSeal of Fury,1,16,10
20232,zzOLDSeal of Fury,1,1,10
20233,Lay on Hands,1,0,0
20234,Improved Lay on Hands,1,0,10
20235,Improved Lay on Hands,2,0,10
20236,Lay on Hands,2,0,0
20237,Healing Light,1,0,10
20238,Healing Light,2,0,10
20239,Healing Light,3,0,10
20241,zzOLDRevelation,1,0,10
20242,zzOLDRevelation,2,0,10
20243,Devastate,1,1,0
20244,Improved Blessing of Wisdom,1,0,10
20245,Improved Blessing of Wisdom,2,0,10
20246,zzOLDImproved Holy Blessings,3,0,10
20247,zzOLDImproved Holy Blessings,4,0,10
20248,zzOLDImproved Holy Blessings,5,0,10
20249,Improved Flash of Light,1,0,10
20250,Improved Flash of Light,2,0,10
20251,Improved Flash of Light,3,0,10
20252,Intercept,1,30,4
20253,Intercept Stun,1,1,0
20254,Improved Concentration Aura,1,0,10
20255,Improved Concentration Aura,2,0,10
20256,Improved Concentration Aura,3,0,10
20257,Divine Intellect,1,0,0
20258,Divine Intellect,2,0,0
20259,Divine Intellect,3,0,0
20260,Divine Intellect,4,0,0
20261,Divine Intellect,5,0,0
20262,Divine Strength,1,0,0
20263,Divine Strength,2,0,0
20264,Divine Strength,3,0,0
20265,Divine Strength,4,0,0
20266,Divine Strength,5,0,0
20267,Judgement of Light,1,30,10
20268,Judgement of Wisdom,1,38,0
20270,Firebolt,2,0,0
20280,Judgement of Righteousness,2,10,10
20281,Judgement of Righteousness,3,18,10
20282,Judgement of Righteousness,4,26,10
20283,Judgement of Righteousness,5,34,10
20284,Judgement of Righteousness,6,42,10
20285,Judgement of Righteousness,7,50,10
20286,Judgement of Righteousness,8,58,10
20287,Seal of Righteousness,2,10,10
20288,Seal of Righteousness,3,18,10
20289,Seal of Righteousness,4,26,10
20290,Seal of Righteousness,5,34,10
20291,Seal of Righteousness,6,42,10
20292,Seal of Righteousness,7,50,10
20293,Seal of Righteousness,8,58,10
20300,Judgement of the Crusader,3,22,10
20301,Judgement of the Crusader,4,32,10
20302,Judgement of the Crusader,5,42,10
20303,Judgement of the Crusader,6,52,10
20304,zzOLDJudgement of the Crusader,6,99,10
20305,Seal of the Crusader,3,22,10
20306,Seal of the Crusader,4,32,10
20307,Seal of the Crusader,5,42,10
20308,Seal of the Crusader,6,52,10
20309,zzOLDSeal of the Crusader,6,99,10
20312,Firebolt,3,0,0
20313,Firebolt,4,0,0
20314,Firebolt,5,0,0
20315,Firebolt,6,0,0
20316,Firebolt,7,0,0
20317,Torment,2,0,0
20318,Blood Pact,2,0,0
20319,Blood Pact,3,0,0
20320,Blood Pact,4,0,0
20321,Blood Pact,5,0,0
20322,Fire Shield,1,0,0
20323,Fire Shield,2,0,0
20324,Fire Shield,3,0,0
20326,Fire Shield,4,0,0
20327,Fire Shield,5,0,0
20330,Improved Seal of Righteousness,3,0,10
20331,Improved Seal of Righteousness,4,0,10
20332,Improved Seal of Righteousness,5,0,10
20333,Seal of Light,2,40,10
20334,Seal of Light,3,50,10
20335,Improved Seal of the Crusader,1,0,10
20336,Improved Seal of the Crusader,2,0,10
20337,Improved Seal of the Crusader,3,0,10
20338,zzOLDImproved Seal of the Crusader,5,0,10
20339,zzOLDImproved Seal of the Crusader,4,0,10
20340,Seal of Light,4,60,10
20341,Judgement of Light,2,40,10
20342,Judgement of Light,3,50,10
20343,Judgement of Light,4,60,10
20344,Judgement of Light,2,40,10
20345,Judgement of Light,3,50,10
20346,Judgement of Light,4,60,10
20347,Seal of Light,2,40,10
20348,Seal of Light,3,50,10
20349,Seal of Light,4,60,10
20350,Seal of Wisdom,2,48,10
20351,Seal of Wisdom,3,58,10
20352,Judgement of Wisdom,2,48,0
20353,Judgement of Wisdom,3,58,0
20354,Judgement of Wisdom,2,48,10
20355,Judgement of Wisdom,3,58,10
20356,Seal of Wisdom,2,48,10
20357,Seal of Wisdom,3,58,10
20359,Lasting Judgement,1,0,10
20360,Lasting Judgement,2,0,10
20361,Lasting Judgement,3,0,10
20362,zzOLDImproved Seal of Light,4,0,10
20363,zzOLDImproved Seal of Light,5,0,10
20375,Seal of Command,1,20,10
20377,Torment,3,0,0
20378,Torment,4,0,0
20379,Torment,5,0,0
20380,Torment,6,0,0
20381,Sacrifice,1,0,0
20382,Sacrifice,2,0,0
20383,Sacrifice,3,0,0
20384,Sacrifice,4,0,0
20385,Sacrifice,5,0,0
20386,Sacrifice,6,0,0
20387,Consume Shadows,1,0,0
20388,Consume Shadows,2,0,0
20389,Consume Shadows,3,0,0
20390,Consume Shadows,4,0,0
20391,Consume Shadows,5,0,0
20392,Consume Shadows,6,0,0
20393,Suffering,1,0,0
20394,Suffering,2,0,0
20395,Suffering,3,0,0
20396,Suffering,4,0,0
20397,Blood Pact,1,0,0
20398,Lash of Pain,2,0,0
20399,Lash of Pain,3,0,0
20400,Lash of Pain,4,0,0
20401,Lash of Pain,5,0,0
20402,Lash of Pain,6,0,0
20403,Soothing Kiss,1,0,0
20404,Soothing Kiss,2,0,0
20405,Soothing Kiss,3,0,0
20406,Soothing Kiss,4,0,0
20411,zzOLDJudgement of Fury,2,26,10
20412,zzOLDJudgement of Fury,3,36,10
20413,zzOLDJudgement of Fury,4,46,10
20414,zzOLDJudgement of Fury,5,56,10
20415,zzOLDSeal of Fury,2,26,10
20416,zzOLDSeal of Fury,3,36,10
20417,zzOLDSeal of Fury,4,46,10
20418,zzOLDSeal of Fury,5,56,10
20419,zzOLDSeal of Fury,2,26,10
20421,zzOLDSeal of Fury,3,36,10
20422,zzOLDSeal of Fury,4,46,10
20423,zzOLDSeal of Fury,5,56,10
20425,Judgement of Command,1,20,10
20426,Devour Magic,2,0,0
20427,Devour Magic,3,0,0
20428,Devour Magic,4,0,0
20429,Tainted Blood,1,0,0
20430,Tainted Blood,2,0,0
20431,Tainted Blood,3,0,0
20432,Tainted Blood,4,0,0
20433,Spell Lock,1,0,0
20434,Spell Lock,2,0,0
20437,Seal of Righteousness,2,0,0
20438,Seal of Righteousness,3,0,0
20439,Seal of Righteousness,4,0,0
20440,Seal of Righteousness,5,0,0
20441,Seal of Righteousness,6,0,0
20442,Seal of Righteousness,7,0,0
20443,Seal of Righteousness,8,0,0
20444,Seal of the Crusader,2,0,0
20445,Seal of the Crusader,3,0,0
20446,Seal of the Crusader,4,0,0
20447,Seal of the Crusader,5,0,0
20448,Seal of the Crusader,6,0,0
20451,Seal of Fury,2,0,0
20452,Seal of Fury,3,0,0
20453,Seal of Fury,4,0,0
20454,Seal of Fury,5,0,0
20455,Seal of Light,1,0,0
20456,Seal of Light,2,0,0
20457,Seal of Light,3,0,0
20458,Seal of Light,4,0,0
20459,Seal of Wisdom,1,0,0
20460,Seal of Wisdom,2,0,0
20461,Seal of Wisdom,3,0,0
20467,Judgement of Command,1,20,0
20468,Improved Righteous Fury,1,0,10
20469,Improved Righteous Fury,2,0,10
20470,Improved Righteous Fury,3,0,10
20471,zzOLDImproved Seal of Fury,4,0,10
20472,zzOLDImproved Seal of Fury,5,0,10
20473,Holy Shock,1,40,10
20484,Rebirth,1,20,7
20485,Rebirth,1,0,0
20487,Improved Hammer of Justice,1,0,10
20488,Improved Hammer of Justice,2,0,10
20489,Improved Hammer of Justice,3,0,10
20490,zzOLDImproved Seal of Justice,4,0,10
20491,zzOLDImproved Seal of Justice,5,0,10
20496,Improved Cleave,3,1,4
20497,Improved Slam,3,1,4
20498,Improved Slam,4,1,4
20499,Improved Slam,5,1,4
20500,Improved Berserker Rage,1,0,4
20501,Improved Berserker Rage,2,0,4
20502,Improved Execute,1,0,4
20503,Improved Execute,2,0,4
20504,Improved Intercept,1,0,4
20505,Improved Intercept,2,0,4
20540,Ashenvale Outrunner Sneak,1,1,0
20559,Mocking Blow,4,46,4
20560,Mocking Blow,5,56,4
20561,Mocking Blow,4,0,0
20562,Mocking Blow,5,0,0
20569,Cleave,5,60,4
20571,Cleave,5,0,0
20609,Ancestral Spirit,2,24,11
20610,Ancestral Spirit,3,36,11
20611,Intercept,1,0,0
20614,Intercept Stun,2,1,0
20615,Intercept Stun,3,1,0
20616,Intercept,2,42,4
20617,Intercept,3,52,4
20621,Intercept,2,0,0
20622,Intercept,3,0,0
20631,Furbolg Medicine Pouch,1,50,0
20658,Execute,2,32,4
20660,Execute,3,40,4
20661,Execute,4,48,4
20662,Execute,5,56,4
20703,Execute,4,0,0
20704,Execute,5,0,0
20706,Power Word: Shield 500,7,42,6
20729,Blessing of Sacrifice,2,54,10
20730,Blessing of Sacrifice,2,0,0
20736,Distracting Shot,1,12,9
20738,Distracting Shot,1,0,0
20739,Rebirth,2,30,7
20742,Rebirth,3,40,7
20744,Rebirth,2,0,0
20745,Rebirth,3,0,0
20747,Rebirth,4,50,7
20748,Rebirth,5,60,7
20749,Rebirth,4,0,0
20750,Rebirth,5,0,0
20770,Resurrection,5,58,6
20771,Resurrection,5,0,0
20772,Redemption,4,48,0
20773,Redemption,5,60,0
20774,Redemption,4,0,0
20775,Redemption,5,0,0
20776,Ancestral Spirit,4,48,11
20777,Ancestral Spirit,5,60,11
20778,Ancestral Spirit,2,0,0
20779,Ancestral Spirit,3,0,0
20780,Ancestral Spirit,4,0,0
20781,Ancestral Spirit,5,0,0
20799,Inferno,1,0,0
20860,Rockbiter Weapon Proc,1,1,11
20865,Rockbiter Weapon Proc,2,8,11
20866,Rockbiter Weapon Proc,3,16,11
20867,Rockbiter Weapon Proc,4,24,11
20868,Rockbiter Weapon Proc,5,34,11
20870,Rockbiter Weapon Proc,6,44,11
20871,Rockbiter Weapon Proc,7,54,11
20885,Vitality,1,25,0
20886,Thorns Dmg +3,1,55,0
20887,Thorns Dmg +2,1,55,0
20888,Thorns Dmg +1,1,55,0
20889,Thorns Dmg +4,1,55,0
20892,zzOLDSpirit Bond Effect,2,50,0
20894,zzOLDSpirit Bond Effect,3,60,0
20895,Spirit Bond,2,0,0
20896,zzOLDSpirit Bond,3,60,0
20900,Aimed Shot,2,28,9
20901,Aimed Shot,3,36,9
20902,Aimed Shot,4,44,9
20903,Aimed Shot,5,52,9
20904,Aimed Shot,6,60,9
20905,Trueshot Aura,2,50,0
20906,Trueshot Aura,3,60,0
20907,zzOLDLacerate,2,99,9
20908,zzOLDLacerate,3,99,9
20909,Counterattack,2,42,9
20910,Counterattack,3,54,9
20911,Blessing of Sanctuary,1,30,10
20912,Blessing of Sanctuary,2,40,10
20913,Blessing of Sanctuary,3,50,10
20914,Blessing of Sanctuary,4,60,10
20915,Seal of Command,2,30,10
20917,Spirit Bond,2,0,0
20918,Seal of Command,3,40,10
20919,Seal of Command,4,50,10
20920,Seal of Command,5,60,10
20922,Consecration,3,40,10
20923,Consecration,4,50,10
20924,Consecration,5,60,10
20925,Holy Shield,1,40,10
20926,Spirit Bond,3,0,0
20927,Holy Shield,2,50,10
20928,Holy Shield,3,60,10
20929,Holy Shock,2,48,10
20930,Holy Shock,3,56,10
20931,Aimed Shot,2,0,0
20932,Aimed Shot,3,0,0
20933,Aimed Shot,4,0,0
20934,Aimed Shot,5,0,0
20935,Aimed Shot,6,0,0
20938,Trueshot Aura,3,0,0
20940,Wyvern Sting,2,0,0
20941,Wyvern Sting,3,0,0
20942,Counterattack,2,0,0
20943,Counterattack,3,0,0
20944,Seal of Command,2,0,0
20945,Seal of Command,3,0,0
20946,Seal of Command,4,0,0
20947,Seal of Command,5,0,0
20948,Blessing of Sanctuary,1,0,0
20949,Blessing of Sanctuary,2,0,0
20950,Blessing of Sanctuary,3,0,0
20951,Blessing of Sanctuary,4,0,0
20952,Consecration,3,0,0
20953,Consecration,4,0,0
20954,Consecration,5,0,0
20955,Holy Shield,1,0,0
20956,Holy Shield,2,0,0
20957,Holy Shield,3,0,0
20958,Holy Shock,2,0,0
20960,Holy Shock,3,0,0
20961,Judgement of Command,3,40,10
20962,Judgement of Command,2,30,10
20963,Judgement of Command,2,30,0
20964,Judgement of Command,3,40,0
20965,Judgement of Command,4,50,0
20966,Judgement of Command,5,60,0
20967,Judgement of Command,4,50,10
20968,Judgement of Command,5,60,10
20969,Vitality,1,25,0
21074,Test NPC Resurrection,1,10,6
21082,Seal of the Crusader,1,6,10
21083,Seal of the Crusader,1,0,0
21084,Seal of Righteousness,1,1,10
21085,Seal of Righteousness,1,0,0
21109,Vitality,1,25,0
21163,Polished Armor,1,1,7
21168,Vitality,1,25,0
21183,Judgement of the Crusader,1,6,10
21186,Spinal Reaper,1,60,0
21345,Vitality,1,25,0
21346,Vitality,1,25,0
21347,Vitality,1,25,0
21348,Vitality,1,25,0
21349,Vitality,1,25,0
21350,Vitality,1,25,0
21551,Mortal Strike,2,48,4
21552,Mortal Strike,3,54,4
21553,Mortal Strike,4,60,4
21555,Mortal Strike,2,0,0
21557,Mortal Strike,3,0,0
21558,Mortal Strike,4,0,0
21560,zzOLDPrayer of Fortitude,1,36,6
21562,Prayer of Fortitude,1,48,6
21564,Prayer of Fortitude,2,60,6
21567,zzOLDPrayer of Fortitude,1,0,0
21568,Prayer of Fortitude,1,0,0
21569,Prayer of Fortitude,2,0,0
21587,Vitality,1,25,0
21588,Vitality,1,25,0
21589,Vitality,1,25,0
21590,Vitality,1,25,0
21592,Vitality,1,25,0
21593,Vitality,1,25,0
21594,Vitality,1,25,0
21595,Vitality,1,25,0
21596,Vitality,1,25,0
21597,Vitality,1,25,0
21598,Vitality,1,25,0
21599,Vitality,1,25,0
21600,Vitality,1,25,0
21601,Vitality,1,25,0
21602,Vitality,1,25,0
21603,Vitality,1,25,0
21604,Vitality,1,25,0
21605,Vitality,1,25,0
21606,Vitality,1,25,0
21607,Vitality,1,25,0
21608,Vitality,1,25,0
21609,Vitality,1,25,0
21610,Vitality,1,25,0
21611,Vitality,1,25,0
21612,Vitality,1,25,0
21613,Vitality,1,25,0
21614,Vitality,1,25,0
21615,Vitality,1,25,0
21616,Vitality,1,25,0
21617,Vitality,1,25,0
21750,zzOLDFreezing Trap (TEST),1,20,9
21831,Improved Rend,3,1,4
21849,Gift of the Wild,1,50,7
21850,Gift of the Wild,2,60,7
21851,Gift of the Wild,1,0,0
21852,Gift of the Wild,2,0,0
21958,Stout Heart,1,1,0
21969,Mark of the Chosen,1,1,0
21970,Mark of the Chosen Effect,1,1,0
21991,Talisman of Binding,1,55,0
22047,Testing Totem,1,10,11
22048,Attack,1,10,11
22049,Testing Totem Passive,1,1,11
22050,Testing Totem Dummy,1,1,11
22482,Blade Flurry,1,1,0
22568,Ferocious Bite,1,32,7
22569,Ferocious Bite,1,0,0
22570,Mangle,1,6,7
22571,Mangle,1,0,0
22583,zzOLDSwiftshifting,1,0,7
22584,zzOLDSwiftshifting,2,0,7
22585,zzOLDSwiftshifting,3,0,7
22738,Intercept Cooldown Reduction,1,0,4
22766,Sneak,1,1,0
22778,Hamstring Rage Reduction,1,0,4
22782,Mage Armor,2,46,3
22783,Mage Armor,3,58,3
22784,Mage Armor,2,0,0
22785,Mage Armor,3,0,0
22801,Ghost Wolf Speed,1,0,11
22804,Shaman Shock Crit Bonus,1,0,11
22827,Ferocious Bite,2,40,7
22828,Ferocious Bite,3,48,7
22829,Ferocious Bite,4,56,7
22830,Ferocious Bite,2,0,0
22831,Ferocious Bite,3,0,0
22832,Ferocious Bite,4,0,0
22842,Frenzied Regeneration,1,36,7
22851,Ferocious Bite,1,1,7
22853,Ferocious Bite,2,1,7
22861,Ferocious Bite,3,1,7
22862,Ferocious Bite,4,1,7
22894,Frenzied Regeneration,1,0,0
22895,Frenzied Regeneration,2,46,7
22896,Frenzied Regeneration,3,56,7
22897,Frenzied Regeneration,2,0,0
22898,Frenzied Regeneration,3,0,0
22960,zzOLDImproved Scorch,1,0,3
22961,zzOLDImproved Scorch,2,0,3
22962,zzOLDImproved Scorch,3,0,3
22963,zzOLDImproved Scorch,4,0,3
22964,zzOLDImproved Scorch,5,0,3
23025,Blink Cooldown Reduction,1,0,3
23027,zzOLDArcane Brilliance,1,42,3
23028,Arcane Brilliance,1,56,3
23029,zzOLDArcane Brilliance,1,0,0
23030,Arcane Brilliance,1,0,0
23099,Dash,1,30,0
23100,Dash,1,30,0
23103,Enveloping Winds,1,10,0
23109,Dash,2,40,0
23110,Dash,3,50,0
23111,Dash,2,40,0
23112,Dash,3,50,0
23145,Dive,1,30,0
23146,Dive,1,30,0
23147,Dive,2,40,0
23148,Dive,3,50,0
23149,Dive,2,40,0
23150,Dive,3,50,0
23162,Harass,1,30,0
23163,Harass,1,0,0
23164,Harass,2,40,0
23165,Harass,3,50,0
23166,Harass,2,0,0
23167,Harass,3,0,0
23210,Vitality,1,25,0
23266,Fiery Aura,1,55,0
23396,Restoration,1,42,13
23422,Corrupted Healing Stream Totem,5,60,11
23455,Holy Nova,1,20,6
23458,Holy Nova,2,28,6
23459,Holy Nova,3,36,6
23480,Increase Fire Dam 10,1,0,5
23481,Increase Fire Dam 14,2,0,5
23482,Increase Fire Dam 17,3,0,5
23483,Increase Fire Dam 21,4,0,5
23567,First Aid,10,0,0
23568,First Aid,8,0,0
23569,First Aid,6,0,0
23584,Dual Wield Specialization,1,0,4
23585,Dual Wield Specialization,2,0,4
23586,Dual Wield Specialization,3,0,4
23587,Dual Wield Specialization,4,0,4
23588,Dual Wield Specialization,5,0,4
23602,Shield Specialization,1,1,0
23695,Improved Hamstring,3,1,4
23696,First Aid,10,0,0
23848,Test Strike W50,4,60,4
23850,Test Strike W35,4,60,4
23881,Bloodthirst,1,40,4
23892,Bloodthirst,2,48,4
23893,Bloodthirst,3,54,4
23894,Bloodthirst,4,60,4
23898,Bloodthirst,2,0,0
23899,Bloodthirst,3,0,0
23900,Bloodthirst,4,0,0
23922,Shield Slam,1,40,4
23923,Shield Slam,2,48,4
23924,Shield Slam,3,54,4
23925,Shield Slam,4,60,4
23926,Shield Slam,2,0,0
23927,Shield Slam,3,0,0
23928,Shield Slam,4,0,0
23947,Power Word: Fortitude,5,48,6
23948,Power Word: Fortitude,6,60,6
23959,Test Stab R50,8,60,8
23960,Test Strike R50,8,54,8
23992,Fire Resistance,1,20,0
24042,Test Maul,4,58,7
24043,Test Fury,4,60,0
24113,zzOLDPrecision,1,0,0
24114,zzOLDPrecision,2,0,0
24115,zzOLDPrecision,3,0,0
24118,zzOLDLacerate,1,40,9
24119,zzOLDLacerate,2,50,9
24120,zzOLDLacerate,3,60,9
24131,Wyvern Sting,1,40,9
24132,Wyvern Sting,2,50,9
24133,Wyvern Sting,3,60,9
24134,Wyvern Sting,2,50,9
24135,Wyvern Sting,3,60,9
24224,zzOLDDONOTREUSE,1,36,0
24234,zzOLDJudgement of Vigor,1,0,0
24238,Test Rip,6,60,0
24239,Hammer of Wrath,3,60,10
24248,Copy of Ferocious Bite,4,56,7
24269,zzOLDImproved Raptor Strike,1,0,9
24270,zzOLDImproved Raptor Strike,2,0,9
24271,zzOLDImproved Raptor Strike,3,0,9
24272,zzOLDImproved Raptor Strike,4,0,9
24273,zzOLDImproved Raptor Strike,5,0,9
24274,Hammer of Wrath,2,52,10
24275,Hammer of Wrath,1,44,10
24276,Hammer of Wrath,1,0,0
24277,Hammer of Wrath,2,0,0
24278,Hammer of Wrath,3,0,0
24283,Surefooted,3,0,9
24286,zzOLDSurefooted,4,0,9
24287,zzOLDSurefooted,5,0,9
24293,Monster Slaying,1,0,0
24294,Monster Slaying,2,0,0
24295,Monster Slaying,3,0,0
24296,Lightning Reflexes,4,0,0
24297,Lightning Reflexes,5,0,0
24298,zzOLDImproved Freezing Trap,1,0,9
24299,zzOLDImproved Freezing Trap,2,0,9
24386,Improved Aspect of the Monkey,4,0,9
24387,Improved Aspect of the Monkey,5,0,9
24406,Improved Mend Pet,1,60,9
24412,First Aid,6,0,0
24413,First Aid,8,0,0
24414,First Aid,10,0,0
24416,Superior Aspects,1,0,9
24423,Screech,1,8,0
24424,Screech,1,8,0
24439,Fire Resistance,2,30,0
24440,Fire Resistance,1,20,0
24441,Fire Resistance,2,30,0
24442,Fire Resistance,1,0,0
24443,Improved Revive Pet,1,0,9
24444,Fire Resistance,3,40,0
24445,Fire Resistance,4,50,0
24446,Frost Resistance,1,20,0
24447,Frost Resistance,2,30,0
24448,Frost Resistance,3,40,0
24449,Frost Resistance,4,50,0
24450,Prowl,1,30,0
24451,Prowl,1,30,0
24452,Prowl,2,40,0
24453,Prowl,3,50,0
24454,Prowl,2,40,0
24455,Prowl,3,50,0
24463,Fire Resistance,3,40,0
24464,Fire Resistance,4,50,0
24468,Fire Resistance,2,0,0
24470,Fire Resistance,3,0,0
24472,Fire Resistance,4,0,0
24473,Frost Resistance,1,0,0
24475,Frost Resistance,1,20,0
24476,Frost Resistance,2,30,0
24477,Frost Resistance,3,40,0
24478,Frost Resistance,4,50,0
24481,Frost Resistance,2,0,0
24484,Frost Resistance,3,0,0
24485,Frost Resistance,4,0,0
24488,Shadow Resistance,1,20,0
24490,Shadow Resistance,1,20,0
24492,Nature Resistance,1,20,0
24493,Arcane Resistance,1,20,0
24494,Nature Resistance,1,20,0
24495,Arcane Resistance,1,20,0
24497,Arcane Resistance,2,30,0
24500,Arcane Resistance,3,40,0
24501,Arcane Resistance,4,50,0
24502,Nature Resistance,2,30,0
24503,Nature Resistance,3,40,0
24504,Nature Resistance,4,50,0
24505,Shadow Resistance,2,30,0
24506,Shadow Resistance,3,40,0
24507,Shadow Resistance,4,40,0
24508,Arcane Resistance,2,30,0
24509,Arcane Resistance,3,40,0
24510,Arcane Resistance,4,50,0
24511,Nature Resistance,2,30,0
24512,Nature Resistance,3,40,0
24513,Nature Resistance,4,50,0
24514,Shadow Resistance,2,30,0
24515,Shadow Resistance,3,40,0
24516,Shadow Resistance,4,50,0
24517,Nature Resistance,1,0,0
24518,Shadow Resistance,1,0,0
24519,Arcane Resistance,1,0,0
24520,Arcane Resistance,2,0,0
24521,Arcane Resistance,3,0,0
24522,Arcane Resistance,4,0,0
24523,Nature Resistance,2,0,0
24524,Nature Resistance,3,0,0
24525,Nature Resistance,4,0,0
24526,Shadow Resistance,2,0,0
24527,Shadow Resistance,3,0,0
24528,Shadow Resistance,4,0,0
24529,Spirit Bond,2,0,0
24533,Great Stamina,1,0,0
24534,Great Stamina,2,0,0
24535,Great Stamina,3,0,0
24536,Great Stamina,4,0,0
24537,Great Stamina,5,0,0
24538,Great Stamina,6,0,0
24539,Great Stamina,7,0,0
24540,Great Stamina,8,0,0
24541,Great Stamina,9,0,0
24545,Natural Armor,1,1,0
24547,Natural Armor,1,10,0
24548,Natural Armor,1,0,0
24549,Natural Armor,2,12,0
24550,Natural Armor,3,18,0
24551,Natural Armor,4,24,0
24552,Natural Armor,5,30,0
24553,Natural Armor,6,36,0
24554,Natural Armor,7,42,0
24555,Natural Armor,8,48,0
24556,Natural Armor,2,12,0
24557,Natural Armor,3,18,0
24558,Natural Armor,4,24,0
24559,Natural Armor,5,30,0
24560,Natural Armor,6,36,0
24561,Natural Armor,7,42,0
24562,Natural Armor,8,48,0
24563,Natural Armor,2,0,0
24565,Natural Armor,3,0,0
24566,Natural Armor,4,0,0
24567,Natural Armor,5,0,0
24568,Natural Armor,6,0,0
24569,Natural Armor,7,0,0
24570,Natural Armor,8,0,0
24577,Screech,2,24,0
24578,Screech,3,48,0
24579,Screech,4,56,0
24580,Screech,2,24,0
24581,Screech,3,40,0
24582,Screech,4,56,0
24583,Scorpid Poison,2,24,0
24584,Scorpid Poison,2,24,0
24586,Scorpid Poison,3,40,0
24587,Scorpid Poison,4,56,0
24588,Scorpid Poison,3,40,0
24589,Scorpid Poison,4,56,0
24597,Furious Howl,4,56,0
24599,Furious Howl,4,56,0
24603,Furious Howl,3,40,0
24604,Furious Howl,1,10,0
24605,Furious Howl,2,24,0
24607,Furious Howl,3,40,0
24608,Furious Howl,2,24,0
24609,Furious Howl,1,10,0
24629,Natural Armor,9,54,0
24630,Natural Armor,10,60,0
24631,Natural Armor,9,54,0
24632,Natural Armor,10,60,0
24633,Natural Armor,9,0,0
24634,Natural Armor,10,0,0
24636,Great Stamina,10,0,0
24640,Scorpid Poison,1,8,0
24641,Scorpid Poison,1,8,0
24682,Forked Lightning,1,1,0
24684,Chain Burn,1,0,0
24691,Barrage,3,0,9
24752,Mark of the Wild,7,60,7
24844,Lightning Breath,1,1,11
24845,Lightning Breath,1,1,0
24894,Heart of the Wild,5,0,0
24899,Heart of the Wild Bear Effect,1,0,0
24900,Heart of the Wild Cat Effect,1,0,0
24922,Hurricane,1,0,0
24943,Gift of Nature,2,0,7
24944,Gift of Nature,3,0,7
24945,Gift of Nature,4,0,7
24946,Gift of Nature,5,0,7
24968,Tranquil Spirit,1,0,7
24969,Tranquil Spirit,2,0,7
24970,Tranquil Spirit,3,0,7
24971,Tranquil Spirit,4,0,7
24972,Tranquil Spirit,5,0,7
24974,Insect Swarm,2,30,7
24975,Insect Swarm,3,40,7
24976,Insect Swarm,4,50,7
24977,Insect Swarm,5,60,7
24978,Insect Swarm,2,0,0
24979,Insect Swarm,3,0,0
24980,Insect Swarm,4,0,0
24981,Insect Swarm,5,0,0
25008,Lightning Breath,2,12,11
25009,Lightning Breath,3,24,11
25010,Lightning Breath,4,36,11
25011,Lightning Breath,5,48,11
25012,Lightning Breath,6,60,11
25013,Lightning Breath,2,12,0
25014,Lightning Breath,3,24,0
25015,Lightning Breath,4,36,0
25016,Lightning Breath,5,48,0
25017,Lightning Breath,6,60,0
25076,Cobra Reflexes,1,10,11
25077,Cobra Reflexes,1,1,0
25141,Copy of Heart of the Wild Bear Effect,1,0,0
25286,Heroic Strike,9,60,4
25288,Revenge,6,60,4
25289,Battle Shout,7,60,4
25290,Blessing of Wisdom,6,60,10
25291,Blessing of Might,7,60,10
25292,Holy Light,9,60,10
25294,Multi-Shot,5,60,9
25295,Serpent Sting,9,60,9
25296,Aspect of the Hawk,7,60,9
25297,Healing Touch,11,60,7
25298,Starfire,7,60,7
25299,Rejuvenation,11,60,7
25300,Backstab,9,60,8
25302,Feint,5,60,8
25304,Frostbolt,11,60,3
25306,Fireball,12,60,3
25307,Shadow Bolt,10,60,5
25309,Immolate,8,60,5
25311,Corruption,7,60,5
25314,Greater Heal,5,60,6
25315,Renew,10,60,6
25316,Prayer of Healing,5,60,6
25345,Arcane Missiles,8,56,3
25346,Arcane Missiles,8,60,3
25347,Deadly Poison V,5,60,0
25348,Copy of Deadly Poison IV,4,54,8
25349,Deadly Poison V,5,60,8
25350,Greater Heal,5,0,0
25351,Deadly Poison V,5,60,8
25352,Renew,10,0,0
25353,Prayer of Healing,5,0,0
25354,Heroic Strike,9,0,0
25355,Revenge,6,0,0
25356,Battle Shout,7,0,0
25357,Healing Wave,10,60,11
25359,Grace of Air Totem,3,60,11
25360,Grace of Air,3,60,11
25361,Strength of Earth Totem,5,60,11
25362,Strength of Earth,5,60,11
25398,Blessing of Wisdom,6,0,0
25399,Blessing of Might,7,0,0
25400,Holy Light,9,0,0
25401,Grace of Air Totem,3,0,0
25402,Healing Wave,10,0,0
25403,Strength of Earth Totem,5,0,0
25404,Multi-Shot,5,0,0
25405,Serpent Sting,9,0,0
25406,Aspect of the Hawk,7,0,0
25407,Healing Touch,11,0,0
25408,Starfire,7,0,0
25409,Rejuvenation,11,0,0
25411,Backstab,9,0,0
25412,Deadly Poison,5,0,0
25413,Feint,5,0,0
25414,Frostbolt,11,0,0
25415,Fireball,12,0,0
25416,Arcane Missiles,8,0,0
25417,Shadow Bolt,10,0,0
25418,Immolate,8,0,0
25419,Corruption,7,0,0
25595,Savage Pummel,1,10,0
25712,Heroic Strike,3,16,4
25713,Seal of Righteousness,8,1,10
25715,zzOLD Seal of Righteousness,8,58,10
25727,zzOLD Seal of Righteousness,7,50,10
25728,zzOLD Seal of Righteousness,6,42,10
25729,zzOLD Seal of Righteousness,5,34,10
25730,zzOLD Seal of Righteousness,4,26,10
25731,zzOLD Seal of Righteousness,3,18,10
25732,zzOLD Seal of Righteousness,2,10,10
25733,zzOLD Seal of Righteousness,1,1,10
25734,zzOLD Seal of Righteousness,1,1,10
25735,Seal of Righteousness,7,1,10
25736,Seal of Righteousness,6,1,10
25737,Seal of Righteousness,5,1,10
25738,Seal of Righteousness,4,1,10
25739,Seal of Righteousness,3,1,10
25740,Seal of Righteousness,2,1,10
25742,Seal of Righteousness,1,1,10
25745,zzOLD Judgement of Command,1,20,10
25751,Copy of Judgement of Light,4,60,10
25759,zzOLD Judgement of Command,2,30,10
25760,zzOLD Judgement of Command,3,40,10
25761,zzOLD Judgement of Command,4,50,10
25762,zzOLD Judgement of Command,5,60,10
25782,Greater Blessing of Might,1,52,10
25809,Crippling Poison,1,20,8
25814,Wide Slash,1,1,0
25816,Hex of Weakness,6,60,6
25829,Holy Power,5,0,0
25836,Unyielding Faith,2,0,0
25890,Greater Blessing of Light,1,60,10
25894,Greater Blessing of Wisdom,1,54,10
25899,Greater Blessing of Sanctuary,1,60,10
25902,Holy Shock,3,56,10
25903,Holy Shock,3,56,10
25909,Tranquil Air,1,50,11
25911,Holy Shock,2,48,10
25912,Holy Shock,1,40,10
25913,Holy Shock,2,48,10
25914,Holy Shock,1,40,10
25915,Greater Blessing of Might,1,0,0
25916,Greater Blessing of Might,2,60,10
25917,Greater Blessing of Might,2,0,0
25918,Greater Blessing of Wisdom,2,60,10
25919,Greater Blessing of Wisdom,1,0,0
25920,Greater Blessing of Wisdom,2,0,0
25940,Frostbolt,11,0,0
25948,Greater Blessing of Light,1,0,0
25949,zzOLDImproved Holy Seals,4,0,10
25950,zzOLDImproved Holy Seals,5,0,10
25951,Greater Blessing of Sanctuary,1,0,0
25956,Improved Judgement,1,0,10
25957,Improved Judgement,2,0,10
25958,Heroic Strike,9,0,0
25959,Battle Shout,7,0,0
25960,Revenge,6,0,0
25961,Blessing of Wisdom,6,0,0
25962,Blessing of Might,7,0,0
25963,Holy Light,9,0,0
25964,Healing Wave,10,0,0
25965,Strength of Earth Totem,5,0,0
25966,Grace of Air Totem,3,0,0
25967,Multi-Shot,5,0,0
25968,Serpent Sting,9,0,0
25969,Aspect of the Hawk,7,0,0
25970,Healing Touch,11,0,0
25971,Starfire,7,0,0
25972,Rejuvenation,11,0,0
25973,Backstab,9,0,0
25974,Deadly Poison,5,0,0
25976,Feint,5,0,0
25977,Frostbolt,11,0,0
25978,Fireball,12,0,0
25979,Arcane Missiles,8,0,0
25980,Shadow Bolt,10,0,0
25981,Immolate,8,0,0
25982,Corruption,7,0,0
25983,Greater Heal,5,0,0
25984,Renew,10,0,0
25985,Prayer of Healing,5,0,0
25988,Eye for an Eye,2,0,0
25997,Eye for an Eye,1,1,10
26016,Vindication,2,0,0
26017,Vindication,2,0,0
26018,Vindication,3,0,0
26021,Vindication,3,0,0
26022,Pursuit of Justice,1,0,0
26023,Pursuit of Justice,2,0,0
26064,Shell Shield,1,20,0
26065,Shell Shield,1,20,0
26069,Silence,1,30,0
26090,Thunderstomp,1,30,4
26094,Thunderstomp,1,30,0
26177,Charge,2,12,0
26178,Charge,3,24,0
26179,Charge,4,36,0
26184,Charge,2,12,0
26185,Charge,3,24,0
26186,Charge,4,36,0
26187,Thunderstomp,2,40,4
26188,Thunderstomp,3,50,4
26189,Thunderstomp,2,40,0
26190,Thunderstomp,3,50,0
26201,Charge,5,48,0
26202,Charge,5,48,0
26226,Widow Bite,1,10,0
26363,Lightning Shield,7,56,11
26364,Lightning Shield,1,8,11
26365,Lightning Shield,2,16,11
26366,Lightning Shield,3,24,11
26367,Lightning Shield,4,32,11
26369,Lightning Shield,5,40,11
26370,Lightning Shield,6,48,11
26377,My Little PROC,1,0,0
26573,Consecration,1,20,10
26574,Consecration,2,0,0
26652,Copy of Mortal Strike,1,40,4
26653,Copy of Sweeping Strikes,1,1,0
26654,Sweeping Strikes,1,1,0
26748,Wyvern Sting,1,0,9
27577,Intercept,3,52,4
27578,Battle Shout,6,52,4
27579,Demoralizing Shout,5,54,4
27580,Mortal Strike,4,60,4
27584,Hamstring,3,54,4
27605,Shadow Word: Pain,8,58,6
27606,Renew,9,56,6
27607,Power Word: Shield,10,60,6
27608,Flash Heal,7,56,6
27609,Dispel Magic,2,36,6
27610,Psychic Scream,4,56,6
27615,Kidney Shot,2,50,8
27617,Vanish,2,42,8
27618,Blizzard,6,60,3
27621,Windfury Totem,3,52,11
27623,Fire Nova Totem,5,52,11
27624,Lesser Healing Wave,6,60,11
27625,zzOLDPurge,2,0,0
27626,Purge,2,32,11
27632,Aimed Shot,6,60,9
27633,Wing Clip,3,60,9
27681,Prayer of Spirit,1,60,6
27682,Prayer of Spirit,1,0,0
27683,Prayer of Shadow Protection,1,56,6
27684,Prayer of Shadow Protection,1,0,0
27685,Charge,6,60,0
27736,Copy of Improved Concentration Aura,2,0,10
27753,Freezing Trap,3,60,9
27789,Holy Reach,1,0,6
27790,Holy Reach,2,0,6
27796,Holy Fire,1,0,0
27799,Holy Nova,4,44,6
27800,Holy Nova,5,52,6
27801,Holy Nova,6,60,6
27803,Holy Nova,4,44,6
27804,Holy Nova,5,52,6
27805,Holy Nova,6,60,6
27811,Blessed Recovery,1,0,6
27813,Blessed Recovery,1,0,7
27815,Blessed Recovery,2,0,6
27816,Blessed Recovery,3,0,6
27817,Blessed Recovery,2,0,7
27818,Blessed Recovery,3,0,7
27821,Holy Nova,4,0,0
27822,Holy Nova,5,0,0
27823,Holy Nova,6,0,0
27828,Focused Casting,2,0,6
27839,Improved Vampiric Embrace,1,0,6
27840,Improved Vampiric Embrace,2,0,6
27841,Divine Spirit,4,60,6
27842,zzOLDDivine Spirit,5,60,6
27843,Divine Spirit,4,0,0
27844,zzOLDDivine Spirit,5,0,0
27845,Prayer of Spirit,1,0,0
27870,Lightwell,2,50,6
27871,Lightwell,3,60,6
27873,Lightwell Renew,2,50,0
27874,Lightwell Renew,3,60,0
27875,Lightwell,2,0,0
27876,Lightwell,3,0,0
27900,Spell Warding,1,0,6
27901,Spell Warding,2,0,6
27902,Spell Warding,3,0,6
27903,Spell Warding,4,0,6
27904,Spell Warding,5,0,6
28284,Polymorph: Chicken,1,0,0
28332,Frost Warding,2,1,3
28343,Charge,6,60,0
28377,Shadowguard,1,20,6
28378,Shadowguard,2,28,6
28379,Shadowguard,3,36,6
28380,Shadowguard,4,44,6
28381,Shadowguard,5,52,6
28382,Shadowguard,6,60,6
28398,zzOLDArcane Subtlety,1,1,3
28399,zzOLDArcane Subtlety,2,1,3
28400,zzOLDArcane Subtlety,3,1,3
28430,zzOLDFiery Blood,1,1,3
28435,zzOLDFiery Blood,2,1,3
28436,zzOLDHot Blooded,3,1,3
28592,Winter's Chill,2,1,3
28593,Winter's Chill,3,1,3
28594,Winter's Chill,4,1,3
28595,Winter's Chill,5,1,3
28608,Test Curse of Agony,6,58,5
28609,Frost Ward,5,60,3
28610,Shadow Ward,4,60,0
28611,Shadow Ward,4,0,0
28612,Conjure Food,7,60,3
28613,Conjure Food,7,0,0
28683,Leap,1,1,0
28911,Copy of Garrote,4,38,0
28996,Elemental Warding,1,0,6
28997,Elemental Warding,2,0,6
28998,Elemental Warding,3,0,6
28999,Storm Reach,1,0,11
29000,Storm Reach,2,0,11
29005,Storm Mastery,1,0,11
29062,Eye of the Storm,1,0,0
29064,Eye of the Storm,2,0,0
29065,Eye of the Storm,3,0,0
29074,Master of Elements,1,1,3
29075,Master of Elements,2,1,3
29076,Master of Elements,3,1,3
29079,Elemental Weapons,2,0,11
29080,Elemental Weapons,3,0,11
29082,Weapon Mastery,1,1,0
29084,Weapon Mastery,2,1,0
29086,Weapon Mastery,3,1,0
29087,Weapon Mastery,4,1,0
29088,Weapon Mastery,5,1,0
29140,Vitality,1,0,0
29142,ZZOLDSwiftmend,1,1,7
29143,Vitality,2,0,0
29144,Vitality,3,0,0
29145,Vitality,4,0,0
29146,Vitality,5,0,0
29163,Copy of Frostbolt,1,4,3
29167,Innervate,1,0,0
29177,Elemental Devastation,2,0,11
29178,Elemental Devastation,3,0,11
29179,Elemental Devastation,2,0,11
29180,Elemental Devastation,3,0,11
29187,Healing Grace,1,0,11
29189,Healing Grace,2,0,11
29191,Healing Grace,3,0,11
29192,Improved Weapon Totems,1,0,11
29193,Improved Weapon Totems,2,0,11
29202,Healing Way,3,0,11
29205,Healing Way,2,0,11
29206,Healing Way,1,0,11
29228,Flame Shock,6,60,11
29229,Flame Shock,6,0,0
29438,Elemental Precision,1,1,3
29439,Elemental Precision,2,1,3
29440,Elemental Precision,3,1,3
29441,Magic Absorption,1,1,3
29444,Magic Absorption,2,1,3
29445,Magic Absorption,3,1,3
29446,Magic Absorption,4,1,3
29447,Magic Absorption,5,1,3
29469,Flametongue Attack,1,1,11
29470,Flametongue Attack,2,1,11
29520,Echoes of Lordaeron,4,0,0
29559,Defensive Tactics,1,1,4
29588,Defensive Tactics,2,1,4
29589,Defensive Tactics,3,1,4
29607,Debug Frost Spell,10,60,3
30160,Elemental Devastation,1,0,11
30165,Elemental Devastation,1,0,11
30640,zzOLDImproved Chain Heal,2,0,11
30682,Echoes of Lordaeron,3,0,0
30683,Echoes of Lordaeron,2,0,0
30799,Regeneration,1,0,0
30800,Regeneration,2,0,0
30801,Regeneration,3,0,0
30802,Unleashed Rage,1,0,0
30803,Unleashed Rage,1,0,0
30804,Unleashed Rage,2,0,0
30805,Unleashed Rage,3,0,0
30806,Unleashed Rage,4,0,0
30807,Unleashed Rage,5,0,0
30808,Unleashed Rage,2,0,0
30809,Unleashed Rage,3,0,0
30810,Unleashed Rage,4,0,0
30811,Unleashed Rage,5,0,0
30812,Mental Quickness,1,0,11
30813,Mental Quickness,2,0,11
30814,Mental Quickness,3,0,11
30816,Dual Wield Specialization,1,0,8
30818,Dual Wield Specialization,2,0,8
30819,Dual Wield Specialization,3,0,8
30820,Dual Wield Specialization,4,0,8
30821,Dual Wield Specialization,5,0,8
30861,Elemental Shields,1,0,11
30862,Elemental Shields,2,0,11
30863,Elemental Shields,3,0,11
30864,Focused Mind,1,0,11
30865,Focused Mind,2,0,11
30866,Focused Mind,3,0,11
30867,Nature's Blessing,1,0,11
30868,Nature's Blessing,2,0,11
30869,Nature's Blessing,3,0,11
30870,Nature's Blessing,4,0,11
30871,Nature's Blessing,5,0,11
30872,Improved Chain Heal,1,0,11
30880,Echoes of Lordaeron,1,0,0
30892,Sleight of Hand,1,0,8
30893,Sleight of Hand,2,0,8
30894,Heightened Senses,1,0,0
30895,Heightened Senses,2,0,0
30896,zzOLDHeightened Senses,3,0,0
30902,Deadliness,1,0,0
30903,Deadliness,2,0,0
30904,Deadliness,3,0,0
30905,Deadliness,4,0,0
30906,Deadliness,5,0,0
30919,Weapon Expertise,1,0,0
30920,Weapon Expertise,2,0,0
31006,zzOLDImproved Feint,1,0,0
31007,zzOLDImproved Feint,2,0,0
31016,Eviscerate,9,60,8
31017,Eviscerate,9,60,0
31018,Ferocious Bite,5,60,7
31020,Learn Ferocious Bite,5,0,0
31255,Deadly Swiftness,1,0,0
